id,subreddit,title,body,url,Tags
1ljxynj,abortion,Complications after abortion?,"Hi everyone, Ive read that abortions don’t cause infertility. There is a part of me that doesn’t fully believe that. Could be my anxiety speaking.

Since my abortion (August 2024), I’ve been bleeding half way through my cycle and after sex, brown spotting, and recently my periods have been late (last three months) and my uterus, ovaries and cervix are so tender it hurts to walk, bend over or even apply a bit of pressure. It isn’t unbearable pain, it’s manageable but rn it’s at its worst and it’s still out of the normal for me. Anyone know what it possibly could be? I have a gynecologist appointment in about 3 weeks but I’m hurting now and I’m getting very worried.",https://www.reddit.com/r/abortion/comments/1ljxynj/complications_after_abortion/,"Medical, Pregnancy, Mental Health"
1ljxtt8,abortion,Second MA abortion today and I'm absolutely terrified advice?,"I'm having my second MA abortion today and I'm so scared about the pain. I've been reading how women say its the most painful thing they've gone through and I'm having anxiety attacks and I'm so scared I won't cope with it.

My first was 3 months after I'd given birth in 2022 and honestly was completely manageable. From what I remember it was strong period type cramps that only lasted about 2 hours and the whole process was over in around 4-6 hours. I'd taken the 4 pills vaginally, started bleeding after about 2 hours, with mild cramping and bloating. Pain reached maybe a 6 and lots of clotting and then after it eased right up. Could definitely manage that again. I was 8 weeks 1 day at the time of termination

Is the pain the second time likely going to be the same as the first? How long roughly is there severe pain for people that experience it and what do you do in terms of pain management? Last time I was given codeine but this time they refused and told me to buy co-codamol over the counter. 

I'm absolutely terrified right now. ",https://www.reddit.com/r/abortion/comments/1ljxtt8/second_ma_abortion_today_and_im_absolutely/,"Medical, Pregnancy, Mental Health"
1ljwhkb,abortion,Help needed/ live in Texas where abortion in banned,Anyone know of a legit site to support women in need with pills for this? I’m very early on and seeing if anyone has used any online sources?,https://www.reddit.com/r/abortion/comments/1ljwhkb/help_needed_live_in_texas_where_abortion_in_banned/,Medical
1ljvy6u,abortion,medical abortion at 6 weeks,"I’ll be doing my procedure on Friday and I got my pills from WoW, what should I expect once I do the procedure? Should I worry if I only pass blood clots or is there something to look out for?",https://www.reddit.com/r/abortion/comments/1ljvy6u/medical_abortion_at_6_weeks/,Medical
1ljv5k4,abortion,Idk what to feel about my decision after doing it…,"I just had medical abortion yesterday. I was a 100% sure about my decision to abort 6-7 weeks of pregnancy. Me and my ex also broke up before knowing i was pregnant, so i did it alone and i am facing it alone right now. I haven’t told anyone about it as well. 
The reaction i was expecting was relief but i was wrong, i felt sad and really down after the abortion. Till now i still feel terrible, depressed and i cant even push myself to go into positive thoughts. What can i do about this? I feel so alone and scared.

Its really how difficult that i have to move on from the breakup and i have to go through this alone. I feel like im drowning. I feel so alone.",https://www.reddit.com/r/abortion/comments/1ljv5k4/idk_what_to_feel_about_my_decision_after_doing_it/,"Pregnancy, Mental Health"
1ljur0m,abortion,my late 2nd period after abortion,"so i had my successful abortion last (april 2) im 6 weeks and i had my first period so late its been 7 weeks after my abortion did my period show up (may 18). my bf and i after no sex we had last (june 10) at first he is not wearing condoms but after like 1-2 minutes he wear one and that day too i also took my first pill and continued to take it everyday, and when we do the thing we have condoms. (mind you im not in my ovulation) and now based on my flo app my period supposed be up last (june 21) so im 5 days late. i’ve took pt (june 22) and its NEGATIVE.…. can you guys please help me whats going on should i be worried that im pregnant again or what",https://www.reddit.com/r/abortion/comments/1ljur0m/my_late_2nd_period_after_abortion/,"Pregnancy, Sexual"
1ljt6uu,abortion,Im so scared about having an abortion,"Im really scared to take the abortion pills. I have my consultation tomorrow, and I’m just hoping I won’t need an ultrasound and can just get the pills and move forward as soon as possible. The whole thing is terrifying to me. I’ve been reading other people’s experiences online, and honestly, it’s made me even more anxious. I keep thinking what if something goes wrong? What if the pills don’t work? What if something bad happens to me? I know a lot of people go through this safely, but right now, all I can feel is fear. I just want this to be over and for everything to go okay",https://www.reddit.com/r/abortion/comments/1ljt6uu/im_so_scared_about_having_an_abortion/,"Pregnancy, Mental Health, Medical"
1ljt6m4,abortion,I wanna know how much pain I will suffer,"I just took Misoprostol and some ibuprofen of 400mg... I'm 7 weeks pregnant and 3 days.... I wanna know how much will it hurt... I have horrible menstrual cramps so I'm used to pain, but um... in a scale of 1 to 10 how much will hurt me?...",https://www.reddit.com/r/abortion/comments/1ljt6m4/i_wanna_know_how_much_pain_i_will_suffer/,"Medical, Pregnancy"
1ljszrx,abortion,Need help 9weeks pregnant,"Hello im currently facing difficulties, I was so scared and stressed rn. Physically and emotionally drained because of my situation. I dont know how will I remove this and where can I get a pill urgently before everything notices my situation. I decided to stop this because im not ready enough to be a mother, my partner leave me bcoz he cannot be a father. I dont know what to do rn and Im seeking help. Especially im living in country where abortion is illegal (Philippines)",https://www.reddit.com/r/abortion/comments/1ljszrx/need_help_9weeks_pregnant/,"Mental Health, Pregnancy, Medical"
1ljpyw1,abortion,I’m 20 weeks pregnant and,"Hi everyone,

I just recently found out that I’m 20 weeks pregnant. I have very irregular periods, so I genuinely had no idea I was pregnant until about a week ago when I started feeling nauseous and went to get checked. It was a complete shock.

I’m in Minnesota, and I’m trying to figure out what my options for abortion are at this stage. I already have a child who is autistic, and I’m doing everything I can to give them the love, time, and support they need. I just don’t feel like I’m in the right place mentally, emotionally, or financially to bring another child into the world right now. I feel overwhelmed and scared, and honestly… guilty for even thinking about abortion this far along.

I keep wondering if I’m a horrible person for not wanting to go through with this pregnancy, but deep down I know I’m trying to make the best decision for everyone involved including the child I already have.

If anyone has been through something like this or has experience with later abortion, I’d really appreciate any advice, support, or just to hear that I’m not alone.

Thank you for reading.
",https://www.reddit.com/r/abortion/comments/1ljpyw1/im_20_weeks_pregnant_and/,"Pregnancy, Mental Health"
1ljpsmu,abortion,Medical abortion fail?,"Hi all, I made a post a few days ago so this is a update.

Last Thursday night, I took 4 misoprostol the day after I took mifepristone. I had virtually no bleeding Thursday night, Friday night, or Saturday night. Sunday night, I started heavily bleeding, I completely bled through my pads and bedsheets. Monday morning, I went to the bathroom to pee and passed a clot about the size of a lemon (could be the fetus?)

Anyways, I’m still bleeding today and everywhere says that heavy bleeding a few days after taking the pills is a little weird. I know it’s not ectopic (I had a ultrasound to confirm last week) so just wondering if anyone else had little to no bleeding for a few days after taking the pills, and then suddenly had a burst of bleeding? ",https://www.reddit.com/r/abortion/comments/1ljpsmu/medical_abortion_fail/,"Medical, Pregnancy"
1ljn3sz,abortion,Haven’t Had a Period Since My Suction Abortion – Was the June 3 Spotting My Period?,"Hi everyone,

I had a suction abortion (manual vacuum aspiration) on **April 19th, 2025**. I was just **1 month and 1 week pregnant** at the time. I’m now over 9 weeks post-procedure, and I still haven’t had a full period, so I’m hoping to get some thoughts or shared experiences.

Here’s what’s happened:

* **Post-abortion:** I recovered normally with no pain or heavy bleeding.
* On **May 21–22,** I had intense lower abdominal cramps, but they went away after two days.
* On **June 3**, I saw some red blood on the tissue paper while wiping after urinating. It looked like a small amount of fresh blood — similar to what I might see on day 3–4 of a typical period — but it only lasted half a day. I wore a pad, but there was no blood on it at all. Little cramps but no breast tenderness or PMS-like symptoms.
* On **June 19**, I had another episode of strong cramping and pulsating pain in the lower abdomen, along with intense pain in the pelvic region during bowel movements. I went to the clinic the next day, where they performed all the necessary tests and an ultrasound, and said everything looked normal.

As of today (**June 24**), I still haven’t had a proper period. I’m not on any birth control, and I don’t have a history of irregular periods or PCOS. I do have subclinical hypothyroidism, and I tested positive for **thyroid peroxidase antibodies** earlier this year **(TPO 60)**, but my thyroid levels were said to be in the normal range recently **(TSH 2.35).**

My main questions are:

* Was the June 3rd spotting likely my first period, or just hormonal spotting?
* Is it normal to still not have a period more than 9 weeks after a suction abortion?

Would really appreciate any insight, especially from people who had delayed periods after surgical abortion. Thanks so much.",https://www.reddit.com/r/abortion/comments/1ljn3sz/havent_had_a_period_since_my_suction_abortion_was/,"Medical, Pregnancy"
1ljmlci,abortion,I don't what path to took in,"I F(26) my bf male (23) met each other one years ago. I think we had alot of chemistry but he had a lot of problems from his past I helped financially mentally I helped him to move out from his parents. He was dealing with addiction still does but I did my best to find him things that makes him happy.
We have been fighting alot but I still tried. Long story short I don't think he loves me on the other hand I'm new to this country I found out I'm pregnant and I told him he was supportive when we were hanging out and then I called hours latter I called alot I wasn't feeling good and told him again that I feel very effected by things that happened recently I don't know what to do he said he said he have shit to do and I should respect his boundaries and he has to sell his collection cards.
I haven't been able to do anything I am master student my room is a mess I came for summer to visit him. I offered a future said I will help him with getting a job which he got on his own. 
He seems distant and always says don't put me in a shitty mode he is backed by his family and his old lady landlord and his addicted friends. I feel so empty I lost contact to my bf that I used to talk to. 
I have big dreams I want to have kids but I don't know if this is right I don't know if I should keep my child and gave it away to family that I can provide him/her what I can't or abort it all. Unfortunately I can't really tell my mom about it or I will be judged really harshly when I get back after summer soon or latter she is gonna notice. I also used to work in tech I have big dreams I don't know what to do please help.
I can't stop crying ...
",https://www.reddit.com/r/abortion/comments/1ljmlci/i_dont_what_path_to_took_in/,"Pregnancy, Abuse, Mental Health"
1ljisjo,abortion,How to get an abortion if im under the age limit,"Hi everyone i was just wondering how i can get an abortion if im under the age limit, where im from i need parental consent if under 16 and i cant tell my parents. Is there like anything else to do? Like is there anything widely available that i can take to like miscarry?",https://www.reddit.com/r/abortion/comments/1ljisjo/how_to_get_an_abortion_if_im_under_the_age_limit/,Pregnancy
1ljhsgn,abortion,Help please feeling pain and haven’t felt any pain for about a week,It has been 2 weeks since I have taken the medical abortion pills and after the first week I just stopped feeling any pain still bleeding but not too heavy and light but suddenly I’ve started feeling really bad pains again in my thighs and pelvic area exactly the pains I was going through when the abortion was happening is this normal to still feel pain even tho I went a week without any pain?? I started feeling pain yesterday as well and now today again,https://www.reddit.com/r/abortion/comments/1ljhsgn/help_please_feeling_pain_and_havent_felt_any_pain/,"Medical, Pregnancy"
1ljgp5z,abortion,Super sure before my abortion and now feel horrible,"Hey everyone, throwaway account for obvious reasons.
I had a surgical abortion 6 days ago, I was 9 weeks pregnant.
I’m almost 32 and have been with my boyfriend for 1.5 years. 
When I found out I was pregnant I immediately knew I wanted an abortion, there were no warm feelings towards the fetus, I was very annoyed how it was changing and messing with my body already,  my boobs went a cup bigger and the nausea was incapacitating. 
Aside from the physical symptoms I am not really ready to have a child right now, I’ve been out of work for 8 months and am only starting a new job next month, my boyfriend and I don’t really live in the same city, he currently doesn’t even have a permanent home of his own because he recently finished his camper van and has been bouncing between my city, the Canary Islands, his hometown and the city he last lived permanently. I think partly because of this back and forth our relationship has had its rocky patches.
We had also talked about it before and both agreed that we’re not ready yet to have kids. I wasn’t even sure I ever wanted kids.

So it was a super easy decision and one we didn’t hesitate to make. In the two weeks leading up to the appointment I was super sure and very calm and went about my life as normally as I could, I went to a festival (took some psychedelics), to a wedding and tried not to let the pregnancy bother me.

Fast forward to the day of the abortion, I went in very calm and collected, was even confused why the clinic staff treated me so kindly and carefully. The doctor even held my hand until I was out from the anaesthetic.

When I woke up I had my first crying spell. My boyfriend picked me up and the first couple of days I was mostly fine aside from the bleeding.

Then everything shifted and I have been going through intense grief, heavy crying spells and anxiety.
I’m worried I made a mistake, that I do truly want a family and that this was my only chance because I’m so old already. I’m also worried my boyfriend will never be ready and I will be left waiting until it’s too late. 
There’s many more intrusive thoughts around those topics but mostly I’m just so so sad.

Has anyone experienced this? And does it pass? Rationally speaking I know that all my reasons for having the abortion were and are still valid, and that there is still plenty of time to have a child, but emotionally I wish I could go back, so I would still have a choice. I don’t know if my decision would end up being different but I feel so awful right now. I want this to stop :(

Edit to add: I’m just so confused because I was so sure and calm and I don’t understand why this is so hard on me right now.",https://www.reddit.com/r/abortion/comments/1ljgp5z/super_sure_before_my_abortion_and_now_feel/,"Pregnancy, Mental Health"
1lopg3u,Miscarriage,Trigger Warning: Was this a miscarriage?,"Let me start by saying I definitely have plans to visit the doctor soon. 

I don’t exactly know what happened, but I went to the bathroom a couple of days ago and something came out, but it didn’t look like a clot to me. It was white and pink, but not like discharge at all. It seemed more solid. It didn't look like a fibroid or anything either. I was spotting pink, not red for the rest of the day. I showed my husband and neither of us know what it was. I assumed it could've been a miscarriage, but I don't know. I looked up pictures and it doesn't look like most of them or the lining of the uterus. I unfortunately have no pictures to compare it to. I'm not sure If I'm allowed to share the image here or not. ",https://www.reddit.com/r/Miscarriage/comments/1lopg3u/trigger_warning_was_this_a_miscarriage/,"Pregnancy, Medical"
1loo7kt,Miscarriage,Am I over reacting to my family’s reaction?,"We happened to be out of state at my parents house when I miscarried. My parents knew I was pregnant and I told them I was bleeding and cramping and my husband and I were going to the ER. My mom is a doctor and works at that hospital and did not go with us. Which I get, maybe she was trying to give us our privacy. But what really gets me is their reaction in the aftermath since then. I received a hug and “sorry you had a bad day” and “don’t let this consume you” since my miscarriage and that’s it. Neither of my parents or brother who was also there for this have reached out to me to even say, “I’m sorry for your loss” or “How are you?” Like wtffff

Maybe they’re trying to give me space, but it has really shown me my family’s true colors. I could have bled out and instead they didn’t even ask what the ER doctor said or anything. Just asked if we wanted to come over to eat and we had dinner over there like nothing even happened. Like I wasn’t activity miscarrying their only grandchild and our first pregnancy. As we flew home my mother told my husband to, “make sure she doesn’t get depressed” like wtf does that even mean?!!

😪 just had to get that out there. Luckily my MIL and best friend have been amazing during this time, but just sucks when your own family can’t even be there for you. 

I always worried about what kind of grandma my mom would be and now I know she’s going to be the kind who shows up to just hold baby and buy you random baby crap you don’t need. ",https://www.reddit.com/r/Miscarriage/comments/1loo7kt/am_i_over_reacting_to_my_familys_reaction/,"Pregnancy, Mental Health, Medical"
1loi812,Miscarriage,Recurring miscarriages 😞😔,"Hello eveyone,
I’m new here and I’m happy to try and find answers. I’ve had four miscarriages. My fourth one happened today. All my miscarriages ended between 4-8 weeks. I’m so heartbroken and devastated. I don’t even know if I want to get pregnant again. I want to find answers and get some testing done. I’ve done a lot of testing the past year:
-me and my partner did genetic testing
-husband did semen test
-sis came back normal
-vitmain d normal 
-thyroid is normal
-I did a recurrent miscarriage panel
-my white blood cells are at a 4 
-i did vaginal biopsy. I had chronic endometritis  i took antibiotics antibiotics and was cleanered  

There’s some other testing that I did. When I got pregnant with my fourth pregnancy I took baby aspirin.progesterone twice,vitmain d and prenatal vitmain. In this pregnancy my hcg was rising but not doubling after 4 weeks. My tsh would go up and down. For an example once it was 1.98 and then weeks later it was 2.59. Same goes for my white blood cell it kept going up then suddenly dropped this week and now it’s back up. 

What type of testing should I do moving forwarding. I want recommendations. I’m lost 😔",https://www.reddit.com/r/Miscarriage/comments/1loi812/recurring_miscarriages/,"Pregnancy, Medical, Mental Health"
1lnpdu9,Miscarriage,Miscarriage 5w5d? Need advice,"Hi everyone,

I’m hoping to hear from anyone who’s been through something similar. This has been such an emotional rollercoaster, and I feel like I’m stuck in limbo.

I recently found out I was pregnant. At around 5 weeks 3 days, I started spotting brown on a Monday and by Wednesday night I started seeing red blood when I wiped only. Next morning I woke up with my shorts pretty much soaked in dark red blood went straight to the ER. It lasted about 12–18 hours—like a period, but I haven’t passed any clots. After that, the bleeding tapered off to mostly light spotting that’s dark red or brown (mostly brown when I wipe only). The liners I’ve been using barely have any spotting on them. I haven’t had any pain at all, just fatigue similar to early pregnancy.

At the ER, the doctors said “sorry for your loss” BUT also told me they couldn’t locate a pregnancy anywhere. My hCG levels were:
        •        Monday: 725
        •        Thursday(at the ER):2,665

The ER paperwork said they couldn’t confirm if it was an ectopic pregnancy, a very early miscarriage, or something else. An ultrasound didn’t show a sac in my uterus, but they did see cysts on my ovaries. They said if hCG keeps rising, ectopic is still a possibility.

Since then, my bleeding has mostly stopped—just occasional spotting. No pain, I haven’t noticed any cramps. I’m going back tomorrow to repeat labs and hopefully get answers.

It’s so confusing because my hCG went up quite a lot, and I still feel pregnant. Part of me wonders if this is just how a chemical pregnancy looks.

Has anyone experienced something similar—bleeding early on with rising hCG, no clots, and no sac visible on ultrasound? Did it turn out to be ectopic, a miscarriage, or a viable pregnancy? I would really appreciate hearing any stories.

Thank you for reading. This is so hard to process, and I feel like I’m clinging to any bit of hope or clarity.",https://www.reddit.com/r/Miscarriage/comments/1lnpdu9/miscarriage_5w5d_need_advice/,"Pregnancy, Medical, Mental Health"
1lnp3jn,Miscarriage,Second miscarriage and left with questions,"I’ve had my second miscarriage this year. I had an ultrasound and bloodwork, didn’t see anyone in my uterus and I was on a downward trend for hcg. But my most recent bloodwork shows the hcg going back up and we’re not totally sure what’s going on. Retained tissue, ectopic, another pregnancy? They’ll test my blood again this week. I just don’t know what to do with myself. We were supposed to be running tests to try and find out why I keep miscarrying. I’m struggling with if I want to keep trying and risk going through this again. I’m tired. ",https://www.reddit.com/r/Miscarriage/comments/1lnp3jn/second_miscarriage_and_left_with_questions/,"Pregnancy, Medical, Mental Health"
1lnoi2p,Miscarriage,Miscarriage,I just got home from my appointment of finding out i lost my baby. What do i do now i feel like i have no purpose or will anymore,https://www.reddit.com/r/Miscarriage/comments/1lnoi2p/miscarriage/,"Pregnancy, Mental Health"
1lno7wl,Miscarriage,Natural Miscarriage - Timeline so far,"I found out last Saturday 21st (at 8 weeks) that baby was measuring 6w1d without a heartbeat. I had experienced very pale brown spotting for a day or so prior. Wednesday 25th I had to have a similar scan with NHS and no further development was seen. The gynaecologist warned me they would see me again in a week but I may start to miscarry naturally in the interim.
This Friday (27th) during the day, I started bleeding and cramping which intensified into the evening and overnight I begun passing golf ball sized clots. 
Continued passing clots through Saturday (28th) and with unrelenting cramping and starting to feel faint I called the EPU who advised me to come to A&E for a check up. 
On arrival at A&E I blacked out during triage and was given fluids and pain relief for the continued cramping. The gynaecologist also came and examined me and said they didn't think my cervix was 'fully open' yet and therefore it was likely the sac was still to pass. 
I was kept in overnight for monitoring where the cramps continued to intensify. 
I have, however, had reduced bleeding and have not passed any more large clots/pregnancy tissue that I'm aware of since yesterday evening. 
As of this evening, the cramping has now also significantly lessened. (Though this may be down to the prescribed painkillers).

Apologies for the long post but I am just cautious if the reduction in bleeding/clots/cramping may mean this is winding down and I am concerned if the bleeding internal exam was correct and I haven't passed the sac yet. 

I have a follow up scan Wednesday to confirm if anything remains but wondered if anyone else had experienced similar or had a subsidence in miscarriage symptoms with a resumption in the days later? 
",https://www.reddit.com/r/Miscarriage/comments/1lno7wl/natural_miscarriage_timeline_so_far/,"Pregnancy, Medical"
1lnkiw2,Miscarriage,Am I miscarrying?,"I stopped my birth control on May 6th. Today I started bleeding but I had my period from June 6th to the 8th so my period isn't due, I'm actually suppose to ovulate this week according to my flo. Am I having a miscarriage? I don't really see clots or anything just some thickened blood on toilet paper. I'm having cramps aswell and this past 1 or 2 I've been feeling nauseated with a lot of anxiety and depression and breast pain. Please any help with be appreciated ",https://www.reddit.com/r/Miscarriage/comments/1lnkiw2/am_i_miscarrying/,"Pregnancy, Medical, Mental Health"
1lnk4nj,Miscarriage,HcG,"I had a miscarriage about a little over a month ago. I was 5 weeks. My hcg level was at 60. It is now 49 a month later. 

Is it supposed to go down so slow? 

I also haven’t gotten a period since my miscarriage. ",https://www.reddit.com/r/Miscarriage/comments/1lnk4nj/hcg/,"Pregnancy, Medical"
1lnjzui,Miscarriage,"MMC, D&C, then Chemical Pregnancy?","I found out in March - when I was supposed to be 11 weeks pregnant - that it was fetal demise and development stopped around 8 weeks. 
I thought I miscarried naturally by the amount of bleeding/cramping I experienced immediately after. However, in May I began having intense bleeding and cramping again. Surprise! Ultrasound showed the fetal tissue fully retained. After a month of pain and bleeding, I finally had a D&C. Bled for a week after that.. had 5 days of no bleeding and finally feeling better.. and BOOM, my first period showed up with a vengeance. 
After a rough 9 day period.. I think I had a normal cycle. However, I definitely had “TTC fatigue” after the 6 month long failed pregnancy and didn’t track things closely. 
Last week, as my period due date drew near, I started having nausea after my coffee… took an early detection test- faint positive. Took a second one the next day.. still faint, but still positive. 
Then that night, I started having some spotting, which turned into A LOT of tissue, then into raging bleeding. 
Is this just a chemical pregnancy? Was my uterine lining still too unstable after the D&C? Could something be wrong inside? 
I have an appointment next week for an ultrasound, but my doctors office gave me zero info over the phone. 
Feeling pretty defeated and devastated at the thought of 2 miscarriages back to back. 

Anyone else experience a chemical pregnancy immediately after a D&C? ",https://www.reddit.com/r/Miscarriage/comments/1lnjzui/mmc_dc_then_chemical_pregnancy/,"Pregnancy, Medical, Mental Health"
1lngmjb,Miscarriage,Someone said congratulations,"Someone congratulated me and I asked for what? And they said they heard from my friend that I was pregnant.  Guess my friend forgot to let them know I miscarried. I had to be the one to say it.

""I actually miscarried.""

Awkward. 

They apologized, I said it was okay. I always tell people it's okay. 

Because what else are you supposed to say? 

I cried a little and then sucked it up because we were on our way to another friend's house. 

His wife is having a baby 1 week after mine was supposed to be due. Announced to us a month ago when we had been planning to but we had the miscarriage news instead.

I guess he was being thoughtful. He asked if I was pregnant before starting to vape.

""No, I miscarried last month.""

Dude we told you.  But thanks for making me say it out loud. I mean if you forgot okay,  but I'm also drinking the alcohol you bought, in front of you.  

""Oh, yea, how are you doing?""

""I'm okay.""

Both in the same fucking day.

I'm not okay.",https://www.reddit.com/r/Miscarriage/comments/1lngmjb/someone_said_congratulations/,"Pregnancy, Mental Health"
1lng21f,Miscarriage,5+2,"Found out at 10DPO, line profession was steady and test and control were same colour on day of missed period. 

Went to ED at 5+1 cramping and light bleeding. Bedside ultrasound confirmed pregnancy in uterus. 1st blood results were “lost” and 2nd were 17,000. 

Early pregnancy unit contacted today to say first results 1.5 hours before were 19,000 so HCG dropped in 1.5 hours so likely non viable. 

Same bleeding today, same minor cramping. Blood draw booked for another day and a half’s time. Pregnancy tests are going backwards, 

Certain it’s a miscarriage but unsure as to how long the pain and cramping and bleeding could go on for? Hospital can/will intervene at my request after the next blood draw but google essentially says could be weeks or may not happen. Just thinking out loud.. processing. ",https://www.reddit.com/r/Miscarriage/comments/1lng21f/52/,"Pregnancy, Medical"
1lnej35,Miscarriage,Possible blighted ovum,"I don't know when I ovulated, I was tracking it but it never peaked (was using digital tests and my ovulation day changed or I literally got pregnant ON ovulation day) and I believe the pregnancy started around the 18th-19th of May which would currently put me at 6w1d but I had a scan on the 16th of June which measured the gestational sac at 5w2-6d, could fetal pole be measuring a week behind? Nothing but complications (bleeding and cramping) and was then referred to the early pregnancy unit, multiple scans showing an empty sac and I don't know if its because its too soon or because this pregnancy is a blighted ovum, or a missed miscarraige. The gestational sac isn't growing as fast as they'd like and they put down likely miscarraige and on my referral forms to get a repeat hcg blood test and another ultrasound. My heart hurts, has anyone been through this? I feel so alone.

Countdown 5 days till repeat scan. 😞
I'd also like to note that this is my fourth pregnancy, my third ended in a miscarrage last year in September.",https://www.reddit.com/r/Miscarriage/comments/1lnej35/possible_blighted_ovum/,"Pregnancy, Medical, Mental Health"
1lnc122,Miscarriage,Naturally trying 6months after MC,"Hi all.. We are 25.5F and 30M and we're open to conceiving.. Aug2024 we conceived and everything was happy till 04/11/2024 when I had my first US scan and they found i had a blighted ovum ( didnt have embryo, which stopped growing few weeks into pregnancy) and then i had a dnc. Thereafter it took me 3 months to get back to normalcy (mentally and physically) and from May 2025 i am ready to try again.. But i got my periods both may and june (i expected i would miss my period).

Compared to last year broadly speaking i feel we both are healthier.. I am now sure where I went wrong last 2 months.. Anyway my husband says let's take it 1 at time don't worry but as a lady many thoughts come and go for me. What are somethings i can do to have a stable mind and healthy body (keeping my history in context) and my husband to follow when in the trying phase .., Do we do intercourse 3 or 4 times during the ovulation period? Pls pour in your suggestions.. anything is helpful for me as i dont know how to ask family members all these and dont want to believe any random instagram handles as it confuses and makes me worry a lot",https://www.reddit.com/r/Miscarriage/comments/1lnc122/naturally_trying_6months_after_mc/,"Pregnancy, Medical, Mental Health"
1lnbu3i,Miscarriage,first period after miscarriage,"got my first period after my d&c, feeling super emotional about it 😔

hoping for my rainbow baby soon.",https://www.reddit.com/r/Miscarriage/comments/1lnbu3i/first_period_after_miscarriage/,"Medical, Mental Health"
1ln8zi7,Miscarriage,Dealing with grief from d&c and family thoughts,"I recently experienced my first miscarriage and dealt with grief that was so severe that I checked myself into 2 mental crisis facilities. I ultimately did not go through with in-patient treatment, but apart of my safety plan was to go to a safe hospital out of state (I live in TN) to make sure I was physically healthy. I ultimately had a D&C to remove any remaining tissue and I spent the entire time by myself. As in I drove myself there and drove myself back while still tired and a little loopy from the medicine I was given. My family insisted that I push the procedure back so that either my grandma or aunt could be there for me, but I wasn’t comfortable with that. 

To get to the issue at hand, as I was checking myself into the second crisis facility, my family decided now was the time to contact me about what was going on. I didn’t tell them about my miscarriage or my mental struggles due to their political beliefs and the fact they have the tendency to talk behind your back about anything. I was scared to open up to them about everything because of this. What doesn’t help is the fact that my boyfriend has been distance since my miscarriage and didn’t accompany during the actual miscarriage (was out of town for a festival so out of his control to a degree) or my D&C. My family has taken this as he doesn’t care and that I should just dump him and come back home to them (I’m currently staying in my college town for my internship). I’m already struggling with everything and the way they talk to me isn’t helping. 

I’m not going to sit here and whole heartedly defend my boyfriend and his actions. At the very least he should’ve been there for my D&C. It’s just hurtful that my family absolutely despises him and what they want to veil as “wanting to help me” feels more like they want to remove him from my life entirely because THEY don’t like him. It just hurts and it feels like no one is listening to what I have to say or my feelings. I’m not stupid, but every conversation feels like they’re talking to me like I’m a child. I’m still young, but the way they talk down to me is hurting a lot. 

I’m just tired of holding this all in so I’m putting this here to see if I’m not seeing something or if other people have experienced the same thing. I appreciate any comments and I’ll try my best to respond if there are any <3",https://www.reddit.com/r/Miscarriage/comments/1ln8zi7/dealing_with_grief_from_dc_and_family_thoughts/,"Pregnancy, Medical, Mental Health"
1ln4y2y,Miscarriage,Somone please offer advise i need help,"So I had a miscarriage, I was supposed to be 6 weeks. Went to the hospital today for an ultrasound, waited TWELVE hours for a doctor to come discuss my results. Doctor told me they couldn't find the fetus in my uterus and could not tell if it was just too early to see baby or if it's a missed eptopic pregnancy. Now here's my issue, she prescribed me misoprostol to pass the rest of the pregnancy as I haven't passed anything but a little blood. However they don't know for sure if it's an ectopic pregnancy. If it is ectopic then using the misoprostol will put me at risk for complications, right?? So my question is, do i take the misoprostol? Will I be okay? Not to mention i had the worst experience of my life at the hospital, I felt so neglected and dismissed. I've been having a fever and have been worried I may have an infection but they still had me wait that long just for a prescription. Maybe I should've  asked more questions but Im exhausted. What do I even do, take it or not? Ugh losing my baby was hard enough now I have to deal with all of this.the nurses were just terrible and cold today, not the treatment I needed at all after suffering this loss.",https://www.reddit.com/r/Miscarriage/comments/1ln4y2y/somone_please_offer_advise_i_need_help/,"Pregnancy, Medical, Mental Health"
m4ss7k,harassment,How do I tell my boss to stop touching me without offending him?,"I’m a 26 year old chinese female living and working in Singapore. I would say that I have a close relationship / friendship with my boss and he treats me almost like a daughter. I’ve been working with him for 1.5 years, known him for about 2 years. In the past half a year, I feel like he has grown more touchy towards me and another younger female colleague - he would give us hugs, pat or rub us on the head, touch our hands or hold our arms occasionally when he’s being extra friendly (just for background he is 50+ married with no children). He is quite flirty sometimes too through texts and phone calls (which I find very inappropriate given he is my superior and he is married) I find it very hard to tell him that I’m uncomfortable with the level of touchiness because I’m afraid it will make things awkward or sour our good relationship or make him think I’m accusing him of sexual harassment (I know it sounds silly but this is how I feel). The most I have done is to tell him I’m being squished (e.g when he hugs me) and tell him to keep his safe distancing (this is covid times) as a hint to him that I’m not liking it. I’ve also never told my fiancé about this because he would FLIP... 

Any advice on how to handle this diplomatically is appreciated.",https://www.reddit.com/r/SexualHarassment/comments/m4ss7k/how_do_i_tell_my_boss_to_stop_touching_me_without/,"Abuse, Mental Health"
m4eu2u,harassment,"Was I harassed, assaulted or neither?","I had an experience last year that I've recently began being more open about, but I haven't been able to shake the uncertainty of what it was that happened. It might be societal conditioning making me gaslight myself, but getting an opinion outside that of my family and friends might help me understand it better. If anyone can give me some advice, I would be really grateful. Also, sorry in advance if my English is weird, it's my second language.

Just over a year ago, I got on a bus heading to music festival in a nearby city. For a lot of the ride, the bus was quite crowded so pushing against other people when passengers wanted to embark or disembark was unavoidable. Half way through the drive, a man got on the bus and stood a short distance behind me. I was holding onto the metal pole to the right of the door in the middle of the bus while he was standing to the left of the door. The driver was having passengers swipe their bus card in the front of the bus and board from the middle door, which happens when the bus gets too full. When the next passengers boarded the bus, this man pushed himself onto me, with both of his hands on the pole I was holding. Since it was a crowded bus I didn't think anything of it.

At the next stop, some passengers from the back wanted to get off the bus and again he pushed himself onto me, this time more forcefully. At this point I started feeling like something was up because of the force with which he pushed onto me, the fact that his hands around the pole were essentially trapping me and the fact that there was no effort to shift himself so that it wasn't his full front pressed against my back side. Now would also be a good time to mention that he was quite large, being quite tall and overweight.

When the next group of passengers tried to board the bus, he pushed himself onto me harder than ever, again with his arms around the pole. He squeezed me so hard onto the pole that it hurt, badly, and I shouted ""sir you're hurting me"". A woman standing closer to the front looked at us, stared daggers into him and pushed a few people aside to get to where I was and pull me away from him. She had seen the positions both me and this man were in and sounded concerned for me. She began asking me ""what did he do?"" ""what did you feel?"" and if I was alright. Already I knew that his behaviour was odd since his previous position meant that he had to cross the new passenger's paths to get to where I was when it would have been simpler to move back. Also, even if it was the simpler way, it's absurd to push yourself so hard onto someone that you hurt them. But what made me realise what his intentions might have been was when I looked to where I was moments ago and saw him there looking embarrassed with no one behind him. I had bruises on my breast for a couple of days from what he did.

I always thought that this was sexual harassment but I've also doubted it, wondering if maybe he was just inconsiderate, although it's basic common sense not to press your front against a women's back when there's space behind you to move. However I've just opened up to a family member who thinks that the force I described and the fact that I had bruises could mean that it was more that simple harassment, but assault. I honestly want to hear some opinions because thinking about what might have been going on in his mind when he pressed himself onto my body hard enough to bruise my chest is something that still creeps me out to this day and I want to understand what I experienced.",https://www.reddit.com/r/SexualHarassment/comments/m4eu2u/was_i_harassed_assaulted_or_neither/,"Abuse, Mental Health"
m407ck,harassment,my brother just sexually harrassed me,"I'm still in college, so i just got into pleasuring &amp; toys if u understand. God i can't even tell my frds or smth but i'm not proud of this nonetheless. So basically there's a toy in a box in the lowest shelf in my room, which no one would go mess with, except my brother. 

It's been years since he harrassed me ( public masterbait when parents not home, poses, walk in shower when i'm in there ), i've never expressed these to my parents cuz he was still young but now he's in adolescence. I've stopped talking to him, mostly stayed in my room, and be reli nervous when parents r not home, I've been scarred. He made my mum believe I reli hate him (cuz before we've in many big fights) and my mum has been standing on his side saying i'm always picking on him. 

Just now my parents left the house, I went out for a few minutes. For some reason he called me, mentioned that my fans (in my room) r on, i didn't pay attention and cut the call. When I was back, things seem fine exc I knew he's in my room when i was out. Then it happened. He suddenly walked in and closed the door, ""Do u hate me?"" I told him no, then he walked right beside my chair and pointed to the box, it's moved, ""I saw it, can u demonstrate how u use it?"" The fact that he closed the door when no one's home, he walked straight beside me, and after long time of no conversation the first thing he said is this, pointing at the sex toy and tell me to use it. wtf?",https://www.reddit.com/r/SexualHarassment/comments/m407ck/my_brother_just_sexually_harrassed_me/,"Abuse, Mental Health"
m3npwy,harassment,I think I was sexually harassed when I was young but I’m not sure if I’m overreacting or if it actually happened,"So when I was in 4th-6th grade I was new in my school and I didn’t really talk much with my classmates or other kids cuz I was still learning the language since I was away for a while because of parents work. Anyways there were these guys in my class and same learning group as me let’s just call them (E) (B), B used to always say sexual comments to girls and just only talk about sexual stuff with everyone and I didn’t know what sex was or what anything in that subject meant I was just 9-11 yrs old. Now I remember that he always made sexual comments and talked about jerking off or having sex or kissing all the time to me and idk I also remember how he and E used to make fun of my body. When I ran in P.E they made comments directly to my face how my boobs bounce and they laughed at it too and it made me so uncomfortable and insecure cuz my boobs were really big for my age back then and even girls always said they were big. Besides that E once even made up a story about me and B having sex in the bathroom which was obv not true and that’s how I sorta started to understand what sex was and I cried in class because of that too cuz E said that in class in front of everyone and the teacher. I was doing work when he came up to me and asked “did you and B have sex in the bathroom cuz he told me so” I was like “huh no??” And then he kept on saying the same thing over and over again and I started crying before the teacher helped me. E left school next year and only B was left and he kept on saying disgusting sexual stuff to me and others I don’t remember if there was touching but I don’t think so cuz I always tried staying away from him but I did see him purposely try touching another girl and she did get mad at him but ofc no teachers were involved we hardly knew that this stuff was wrong I even cried today about it...it’s been about 6-7 years now.",https://www.reddit.com/r/SexualHarassment/comments/m3npwy/i_think_i_was_sexually_harassed_when_i_was_young/,"Abuse, Sexual, Mental Health"
m36zmi,harassment,What should I do if I'm being stalked for almost four years now?,"Here's how it started - I was new to facebook, and I made my phone number public by mistake. Now this guy calls me up, informs me that my phone number was public. We had this one person in our mutuals who was a nice guy(we went to the same school) who didn't have random unknown people on his friendlist. So I assumed he was not a bad person, so I had a few small chit chats with him. Valentine's day was like just around the corner and I was fucking 15 at that time and the only thing that grabbed my attention was Powerpuff girls and he was talking about love and shi. I freaked out obviously. I made it clear that I am just 15 and I was clearly not into him. He kept on insisting so I had to block him. Now he has been calling me every months from 4-7 new phone numbers and I have to block all of them. I'm turning 18 this january (2022). I live in India, and if you aren't aware then imma tell you this- rape cases, molestation, harassment, acid attacks are extremely frequent here. He has found a lot about me and it is honestly scary. I told my parents about this, but I have my entrance exams going on so I don't really go out of my house right now. This one time my maa picked up his call because truecaller showed the location of Bihar(the stalker lives there too, like that is his hometown. I can tell by his surname, and the number of times I've got calls from Bihar. But he lives in my city so he probably goes there occasionally.) I've got dms on my instagram saying that ""He's a bad guy, please stay away from him"", ""He talks nasty about you and talks about taking your virginity."" I've got v cringe emails like ""I could do anything for you"", ""No one could be like you"". What should I do? How do I deal w this? Also if you're from India it would be great because you'll probably understand the laws and security better. But other suggestions are also welcome because I clearly need help. :)",https://www.reddit.com/r/SexualHarassment/comments/m36zmi/what_should_i_do_if_im_being_stalked_for_almost/,"Abuse, Aggression, Mental Health"
m33u4r,harassment,Was this sexual harassment? I don’t want to call it something it’s not,"A few months back, a guy friend of mine texted me. I could tell he liked me but the feeling was not mutual so whenever I saw him, I made it abundantly clear that I really liked/was speaking to another guy (who we both know.) Anyway, he texted me and told me he was ‘touch starved’ and proceeded to say ‘i’m not going to ask you for sex because you’re probably saving yourself for X (the guy I liked), but if you want to platonically make out that would be great’ Upon receiving these texts I was completely baffled as i’d made it clear I was into another guy. I rejected him and told him things had progressed between me and the guy and we were now sleeping together (I genuinely don’t understand how he could POSSIBLY think i’d say yes). He then replied with something along the lines of ‘No problem, but the fact you managed to pull X is impressive.’ This annoyed me as he implied I was punching above my weight. I saw him a few weeks after he texted me and he was awkward around me for the entire night, sheepishly saying ‘sorry for asking you to shag me’ (implying that he did want to do more than make out) when we were alone together. He was awkward around me in school (we were in the same friend group.) A few months after the text, our friend group were all out together to get drunk in a field (socially distanced). We were walking in twos bc of covid restrictions and I ended up getting stuck walking with him. He was on the side of the pavement closest to the road whilst I was on his other side. At one point he said ‘you’re too drunk you’re going to fall into the road’ and tried to put his arm around me. I was completely sober and was not about to do that (I wasn’t even near the road). I pushed him off and told him to get off me, as I felt incredibly uncomfortable around him at this point. I ended up leaving early because he kept sitting too close to me. I thought we were on okay terms, but he unfollowed me on social media today. Here is my question- does this count as sexual harassment? I only ask as one of my friends was talking about him (I told her what happened) and said that he sexually harassed me. But I don’t know if it necessarily is harassment. He certainly made me feel uncomfortable both times, but when he texted me but he didn’t make any attempt to try and persuade me to say yes after I rejected him. In regards to him trying to put his arm around me, this could have been seen as just a friendly gesture, but it made me uncomfortable because he knew I’m still romantically involved with X and I wasn’t even drunk. But then again, does trying to put your arm around someone count? I’m still hurt at the fact he tried to make our friendship sexual, as he was a good friend to me for a while. So- was this a case of sexual harassment or merely me putting him deep in the friendzoned?",https://www.reddit.com/r/SexualHarassment/comments/m33u4r/was_this_sexual_harassment_i_dont_want_to_call_it/,"Abuse, Mental Health"
m2qn2s,harassment,Coworkers being hostile towards me for reporting another coworkers harassment,"This is going to be quite vague for obvious reasons. 

I have (had, I guess) a coworker. For reference I am 21 and he is 46. When I first began this job I was 16. 

This man is generally well liked amongst our coworkers. He can generally be described as kind of meek, quiet, obedient but a little bit stupid. From an outside perspective he appears harmless and unremarkable. 

However there have been instances in the past that seem to prove otherwise. My sister (same age as me, we’re identical twins) had an unnerving experience with him. He cornered her in the break room and in her ear (she was 17 at the time) insisted she put his phone number into her phone but warned her not to tell anybody about it. She took his phone number to get him to back off, then immediately told a manager, and he was promptly written up for it and told that if he pulls any crap like that again he’s getting fired.

So fast forward about 2 years. He seems to have gotten comfortable again. It happens multiple times a day where he’ll walk by my sister/I and rub his entire body up against our backs and then turn looking for a reaction but insist it was a joke. Or shoving us with his arm when he walks by. He has a particular liking for my sister and I, has passed me a note in the past telling me I’m pretty, and it began getting really uncomfortable. Not to mention he got caught 1) masturbating in the bathroom on the clock and 2) was eating the underage female cashiers with another male coworker while so was standing right there (and 18 at the time).

2 weeks ago it all came to a head. He rubbed against my sister one too many times and my sister went to the store manager and said, “Someone needs to tell (his name) to please stop touching me.” And the rest is basically history. Store manager went to corporate, corporate stool statements from my sister and I, and he was fired a week later. 

But our coworkers are starting to talk. One woman in particular was good friends with him and slowly became suspicious when he stopped showing up for work. And I’m assuming she found out the truth (or at least some version of the truth) because she’s been completely ignoring my sister and I and going out of her way not to talk to us for about a week now when previously she’s stated she loves us both and thinks the world of us. It’s making things really uncomfortable and I’m starting to feel like I/we did the wrong thing. I’m afraid my coworkers will blame me/become incredibly hostile towards me for getting the coworker in question fired especially since a lot of people like him. I’m feeling frustrated and defeated. I’m starting to wish I never said anything at all.",https://www.reddit.com/r/SexualHarassment/comments/m2qn2s/coworkers_being_hostile_towards_me_for_reporting/,"Abuse, Mental Health, Sexual"
m2bpt4,harassment,Discord to help females escape from harassment online.,"I game with my girlfriend a lot, right now we live distant from one another, but soon that will change. She frequently has to deal with guys online being creeps, not only creeping because of a profile picture, but also because of the fact that it's online so they think they will get away with it. I would like to start a discord where females can feel safe, and their partners can know they don't have to worry about them being harassed online. I will be leading it, but I will be asking my girlfriend to join, and be asking that anyone who would like this support it, bump it, or just in general leave a comment. I'm not sure if there is already a server like this, if there is please let me know.  I hope to not only stop males from doing this, but to also make it known that people are tired of it. Those of us that are males and don't act like this online are also tired of it, I want to make a stand against harassment in any form online.",https://www.reddit.com/r/SexualHarassment/comments/m2bpt4/discord_to_help_females_escape_from_harassment/,"Abuse, Mental Health, Discrimination"
m1xqf4,harassment,Is this harassment was I taken advantage of or just naive,"So I took up this job and the manager of the partner company decided to manage it. At first I thought he was being a really good manager and mindful of the staff. He asked if I wanted to work out of the office on a Friday afternoon and described a serene environment. I agreed and was sent directions. When I got to the location I was shown the room and thought it was well just a meet up point as he said it was his 2nd office.

When he showed up he was upset that I was working and gently shut my laptop, told me about himself and put me in a very awkward position that had me have relations with him and once he was done it was like clockwork, he had a meeting and I had to leave. Since I loved my job I didn't know how to mention it to the parent company that had hired me and he had the money and position.

From then henceforth communications broke down. If I wasn't talking about work he didn't have time for it unless when I'd go quiet and then he'd send me I miss you messages. Around the holidays when the office closed he too went silent and showed up when holidays were over with I hope you've been well and tried to keep me in check again

As soon as my time at the place was over so was his interaction and in his words ""we are incompatible and it would never work, you are a slut"". Since I couldn't raise the harassment issue again as I no longer work with the organization I did ask why he did what he did and he never bothered to respond

Over time I find myself very upset and once in a while I lash out and remind him he took advantage of me but what's more upsetting was the parent company that had hired me never took note of it as each time I tried to raise the issue the director always seemed busy and now I don't work for either i don't know how to raise the issue or if I should.

No person should be taken advantage of and I'd really want him to know what he did was wrong. He lead me on and I was very naive but am I an asshole for wanting both organisation's to know the truth?",https://www.reddit.com/r/SexualHarassment/comments/m1xqf4/is_this_harassment_was_i_taken_advantage_of_or/,"Abuse, Sexual, Mental Health"
lxevxs,harassment,Is this sexual harassment,"So this guy, I’ll call him T, has a major crush on me. It was obvious. My best friend (P) and I started to hang out with him on the weekends. We all became really good friends. It wasn’t long before T started checking my location all the time. He would ask where I was and what I was doing. He claimed he just wanted to make sure I was safe. Eventually, he only invited me over. I tried to get my friend P to also come, but he didn’t want her there for some reason. I have an issue with wanting to please everyone, so I would go hang with him. He also would guilt trip me if I said I couldn’t. He never took “no” as an answer. Every time I was with him, I felt like he was trying to get closer. One day, he begged me to drink with him. I did. He was also drunk. He kept trying to grab my hand. He then put my arm around him. I was nervous and didn’t say anything. I tried to keep my arm far off of him. Then, he laid right on top of me. I was panicked. He would always try to hand feed me food too. One day we were both drinking and I wanted to go home. He tried to beg me to stay the night. I said “no” and came up with a million excuses to get me out of it. He just kept arguing. I had no choice but to get up and try to leave. He then followed me home to make sure “I was safe.” I want him to leave me alone. He has caused me several panic attacks and I don’t know what to do. Especially because P and I have started dating. We told him with hopes to get him off my back. He was upset and said he had planned to confess his feelings for me. But he promised that he would back off. Now, he’s still asking me to go get food and I don’t want to hurt his feelings (because I’m a people pleaser) but I can’t do this anymore. Also, he has made several comments about my ass.",https://www.reddit.com/r/SexualHarassment/comments/lxevxs/is_this_sexual_harassment/,"Abuse, Mental Health"
lwzmuf,harassment,I have been inappropriately touched by women. How do I say ni when this happens?,"I need an advice on this matter. I (m) have been touched by several females in my life. For example, there was this girl in college I was good friends with. One day, out of blue, she looked at my chest and touched it, saying, ""Wow, you have nice packs!"" I was confounded and didn't know even what to say right away. But I thought it would only be fair if I could do the same, so I tried grab her boob (not roughly). She retracted and told me that it was not the same.

Or there is this another girl who pinched my nipple for making a sarcastic joke. I mean, what the heck?? Do people think men's nipples are not as sensitive as women's?? Or that men too would feel insulted by being treated that way?

These two are just few examples of many. There have been incidents where an older woman touched my butt with a compliment, but I felt pressured to put on a mask just because I'm a guy. They seemed to normalize it without even being conscious of the fact that what they did to me would be considered sexual harassment. It took me years even for me to come to realize this. I was even once told to take these actions as compliment.

Though I don't think I need to see a counselor or amything, I still feel a bit insulted by actions. Whenever I see these women sometimes, I can't really be at ease. Is this something usual that happen to other guys too? How do I address this to women who do this?",https://www.reddit.com/r/SexualHarassment/comments/lwzmuf/i_have_been_inappropriately_touched_by_women_how/,"Abuse, Mental Health, Discrimination"
lwn471,harassment,Who do I even report this to?,"On Sunday night an old friend of mine came to visit me. She was incredibly wasted. As soon as she got out of her car and we walked to the park she said ""I'm going to kill you"" I told her no you're not. She then proceeded to compliment and flirt with me-- asking me how I was. Later, she told me she had a gun in her backpack &amp; made a joke about someone being in her trunk. 

I invited her into my house and she insisted she bring a gun with her, I felt safe knowing she couldn't harm me. Anyway, she asked me to fuck her and I said I would put on a condom and then she lost interest so I took it off. I lost my erection. She started seducing me again to get me hard and then she pushed me to the floor, pinned me down and started choking me. She wasn't showing any sign of letting go of her chokehold so I wrapped my legs around her neck and threw her to the floor.

She continually hit me throughout the night and I kept telling her ""would you please stop that?"" and she said but i thought you don't feel pain. I said I don't but that doesn't mean I want you hitting me and choking me and biting me.

She bit the main arteries on my neck as hard as she could and left a bruise on my arm from where she punched me. No signs of damage on my abs or my penis but my neck is very sore. Then she went to her backpack and started fiddling with her gun and pointing it at me, that was around the time I told her to leave and she kept buying more time.

I put her in a position where if she would've tried to pull the gun she'd be disarmed immediately. Then I took her on a walk and throughout the walk, she kept slowing down to try to get a clear shot at me.

I honestly have no idea who I could report this too, if anyone would believe me, or what I should do but it's very disturbing me because she came over with the pretense of hooking up with me and then basically took advantage of me, refused my advances if I was wearing a condom, and left a bruise. I've never been a snitch but I have a history with this woman and in the past (she's older than I) she would buy me liquor (me 20 her 21), ruffie me, and then tell her friends I raped her when I never so much have even touched a woman without consent.

&amp;#x200B;

TL;DR -- Who do I report this to?",https://www.reddit.com/r/SexualHarassment/comments/lwn471/who_do_i_even_report_this_to/,"Abuse, Aggression, Sexual, Mental Health, Discrimination"
lwjyc4,harassment,I think i suppressed trauma,"Me and my bf were going at it today, and in the middle of it, i felt so much fear. I felt panicked even tho he wasnt doing anyrhing wrong. How we were laying down felt familiar, and i felt like i remembered something but it doesnt make sense. Im sorry if this doesnt make any sense, im a little shaken up. 

Just to clarify, my bf wasnt making me feel bad, i just think i remembered something.

Anyone whose repsressed something before, how does it feel?",https://www.reddit.com/r/SexualHarassment/comments/lwjyc4/i_think_i_suppressed_trauma/,Mental Health
lw6bs4,harassment,Is this sexual harassment?," 

Before everything, pardon my English level, is not my first language.

I am a 14 years old female. I live with my mother´s family, because she is a doctor and I just can´t be in the same place as she is due to her exposure to covid 19. It is not a new thing that my uncle acts, in my opinion, really weird. But now that I have to live in the same house as him, I noticed more things. He often hugs me and touches my waist kind of often. He sends me kisses awkwardly… I get very happy when he is away and he can´t be with me. Once, I had a mental breakdown or something, because I realized he will live with me for more than a year. My aunt was concerned, and asked me what happened. I told her I hated him, but didn´t say why, because I thought she will tell my mother who is already busy. Finally, she just told me I was being exaggerating and thought I was crying only because he always tells her to punish me for being too much hours on the computer and things like that. Days later, he was sitting on the sofa watching his phone. I tried to look at what he was watching, and… he has thousands and thousands of porn files. He had naked girl’s photos, and had them in his gallery. 

I tried to ask for help. But I couldn´t. Maybe he is not awkward, and the only one who thinks he has bad intentions is me. 

I sleep with a box cutter under my pillow. First, I slept with it to “defend” if he ever tries to touch me. But now, I just… don´t know. I feel really uncomfortable. I just can´t stand it. I am sick of this. I am too paranoid. The reason I write this, is because I need to know if I am being sexually harassed, or if I am only a crazy human being. Also, yesterday I watched “split” the film, because I read in the internet that people with TID where not like the beast they express in the movies, so I gave it a try. (I watch a girl in Youtube named long soul system, although I have no TID, I want to understand people with it.) I clarify, I don´t want to have TID, and I don´t want to be sexually harassed. After watching this movie, I couldn’t sleep all night that fucked up guy acts exactly like my uncle. Except mine hasn´t told me to take off my clothes.

Please help me.",https://www.reddit.com/r/SexualHarassment/comments/lw6bs4/is_this_sexual_harassment/,"Abuse, Mental Health"
lu3uk7,harassment,Is this sexual harassment?,"I (18) work at a grocery store. A guy (60) that works in the meat department is known for being a little creepy. he was demoted from his last position for being “creepy” and was moved to our store. 

today, he was standing behind me and fixed the tag that was hanging out of my shirt. he didn’t even ask he just did it. my shirt has definitely a lower neck line, not super low but a bit of upper back was exposed, not just neck. it felt super creepy because he is older than me by a lot, i barely talk to him unless i’m making his coffee, who just fixes someone’s tag without asking? 

last weekend he also made a comment calling me “his favorite”. mixed with this incident it gives me the heebies. 

i reported it to my store director and they’re taking it to HR which is nice. i can’t help but feeling embarrassed that this happened to me/ also feeling like i overreacted because it could seem totally innocent.",https://www.reddit.com/r/SexualHarassment/comments/lu3uk7/is_this_sexual_harassment/,Mental Health
ls0wgs,harassment,I feel like I can never trust anyone,"I been going through my fresh year in high-school recently and so far with the events it's going terrible so far. It's been 5 months of things building up ather another and haven't really trusted anyone because of my fear of leaving me. Well I decided to talk about my feelings on the internet to start to grow my courage to ask for help, so here we go.


 I had a good friend, let's call him Adrian (not real name). Adrian has been a friend of mine since 7th grade and pretty chill to hang out with.

He was one of my only male friends I could open up to and was very kind to me. But at early October I was home alone, me and Adrian were texting each other and ultimately joking around. Then he changed the subject as he said he wanted something, and being the people pleaser I am, I told him I would do anything for him as in return for actually caring for me when I was sick or down. 
He told me he wanted to see something that girls have.
I was considering at first but when I came to my senses, I was getting uncomfortable. I told him no and tried changing the subject on matters. Yet he kept insisting and telling me things that I realized later on was manipulation. Telling me he was empty and it would cheer him up and I was in shock.

I was panicking.
I was home alone with nobody I can trust to tell about my situation.

I can never tell anyone off unless I really hated them

Adrian was very kind to me and I can never treat him badly or make him upset in any way

Yet I kept saying no

If I told anyone It would show how vulnerable and weak I am and see I can't even defend myself 

It got to the point where I finally told my trusted friend who used to date Adrian and she defended me 

At that point it was it's worse 
He was sending overly sexual comments and creepy stuff I rather not want to remember 

And loss all trust in one of my trusted friends

After a day of feeling like a bad person as I felt I was a bad friend for asking for help and not being able to defend myself properly.
I apologized to Adrian for asking for help
He told me to chill and that he was ""just joking"" and that he would've stopped if I asked him too
But clearly a no wasn't enough to tell him to stop

Now I don't like spilling my emotions out all at once as I'm afraid that if I do my friends might stab me in the back again. So I kept telling myself that this doesn't matter and other people faced worse and I'm being ungrateful for not being happy that I'm not in a much worse situation.

After that I got more anxious thinking I'm a terrible person and started blaming myself for everything that happens 
I also gotten into a depressive state of mind and getting some pretty stressful thoughts after I found out my friend just sexually harassed me 

I was (and still) in denial because such a good friend can't possibly do that to me.


I'm started on January trying to open up more to my friends and get help.

I'm sorry I still think this isn't sexually harassment and I'm just overeating but just in case I'm right im sorry",https://www.reddit.com/r/SexualHarassment/comments/ls0wgs/i_feel_like_i_can_never_trust_anyone/,"Abuse, Mental Health"
lppm9w,harassment,Legal Action Advice,"About three/four weeks ago I went through an incident of sexual harassment/assault at work from a customer. He was black out drunk (I work at a pub) and the way it was handled by my work wasn’t very professional. He was kicked out and told he wasn’t allowed to come back in to pay his tab without talking to my boss or my male coworker first since I made it clear I did not want to have contact with him. 

Well my boss allowed him to come into work yesterday without informing me. And not just to pay his tab, he was allowed to stay and drink. Thankfully I had someone else covering the opening part of my shift but was planning on coming in earlier to help with the bar since there was an event so I knew the restaurant was super busy. I was notified by my male coworker that he showed up so I had to wait till he was gone to come in for my shift. 

One of my regulars is a state trooper and he pulled me aside to tell me that from a professional view, I could take it further if the incident made me this uncomfortable (he wasn’t informed much on what happened). I didn’t have intent to pursue anything legal cause I thought he’d be barred on the days i work, but now I’m not sure what I want to do. 

The statie told me that the guy admits he doesn’t remember what happened but takes full accountability for it and that he wants to apologize to me in person but on my terms. My boss also has talked about him coming in to apologize and I’ve expressed very clearly before that I don’t want to talk to him or hear an “I’m sorry for sexually assaulting you” apology, even if he has owned up to what happened. 

I just wanted to not have him in when I’m working or still be there when I’m into work. He’s been very drunk/overserved numerous times before this incident, and now dealing with that, i don’t want to deal with what could happen if he got blacked out drunk again (if he didn’t remember what he did, he could just as well do it again). But now since he’s just allowed back I’m not sure what legal action I could take if i chose to do that. What would be the options I could take? Cause honestly my biggest option is just quitting my job and working at a different place since it’s not the first sexual harassment incident I’ve gone through and it’s definitely not the last, and it’s clear my boss can’t handle dealing with situations properly.",https://www.reddit.com/r/SexualHarassment/comments/lppm9w/legal_action_advice/,"Abuse, Aggression, Mental Health, Discrimination"