id,true_labels,pred_labels,perplexity_true_vs_pred,perplexity_rule_vs_pred,perplexity_rule_vs_true,text
1llrpua,"['Pregnancy', 'Medical']","['Medical', 'Pregnancy']",0.0,0.5,0.5,MA yesterday. My bleeding was light. And I’m worried I am worried.  I am 6w 3days pregnant took mifepristone 48 hrs ago and started misoprostol 24 hrs after (4 pills vaginally)  I started with mild cr...
1llp06r,"['Pregnancy', 'Medical', 'Mental Health']","['Medical', 'Mental Health', 'Pregnancy']",0.0,0.667,0.667,"abortion at 7 weeks wondering if the pills worked Hello i was 7 weeks pregnant 22 years old decided not to have, took the abortion pills, 2 hours after taking i went to the bathroom to pee and clog ca..."
1llopns,"['Medical', 'Pregnancy']","['Medical', 'Pregnancy']",0.0,0.5,0.5,"cramps went away after 1 hour into medical abortion I got my pills from WoW and 20 hours later after taking their mife, I bled a little on my underwear. Now I took their miso an hour earlier and my cr..."
1llmeb8,"['Pregnancy', 'Medical', 'Mental Health']","['Mental Health', 'Pregnancy']",0.333,0.333,0.0,"Abortion guilt - Does it ever go away? Please share your healing experiences 🙏 Just over 3 years ago I had an abortion and I am still consumed with feelings of confusion, guilt and regret. I guess par..."
1llkkuv,"['Pregnancy', 'Mental Health']","['Mental Health', 'Pregnancy']",0.0,0.5,0.5,"should have been due this month i’ve already been feeling super weird this month, i also turned 22 last week and should have been due at the same time. my boyfriend’s family is super catholic and his ..."
1llk2ez,"['Pregnancy', 'Medical', 'Mental Health']","['Medical', 'Mental Health', 'Pregnancy']",0.0,0.667,0.667,Afraid MA didn’t work I’m really anxious and hoping someone can help me feel less alone or share their outcome if they had something similar.  I was 5 weeks 2 days when I started the medical abortion ...
1lliz2r,"['Pregnancy', 'Mental Health']","['Medical', 'Mental Health', 'Pregnancy']",0.333,0.667,0.5,"getting an abortion, feeling scared and alone   I’m 22, just found out that I’m pregnant for the first time, and I am about 4 weeks along.   I am absolutely heartbroken, and feel totally alone.   I ha..."
1llhp4c,"['Medical', 'Pregnancy']","['Medical', 'Discrimination', 'Pregnancy']",0.333,0.333,0.0,planning to go to the OB for the first time ever. what should I say? I am from the Philippines where abortion is illegal and now 25 days post MA from WOW. I want to go to the OB for the first time in ...
1llhgh5,"['Medical', 'Mental Health']","['Medical', 'Pregnancy']",0.667,1.0,1.0,Cramping but no bleeding 4 hours after taking misoprostol I took mifepristone yesterday at 1:20 PM and took the 4 misoprostol today at 2:20 PM. I experience some very light cramping yesterday after I ...
1llgva9,"['Pregnancy', 'Medical', 'Mental Health']","['Medical', 'Mental Health', 'Pregnancy']",0.0,0.667,0.667,"Looking for some virtual hugs. I had an abortion a little over five weeks ago… It was an accident, unplanned, and arguably a reckless mistake. Something we just slipped up on.  Because of that, I have..."
1llf833,"['Pregnancy', 'Medical', 'Mental Health']","['Medical', 'Mental Health', 'Pregnancy']",0.0,0.667,0.667,"WI, planned parenthood-  SA experience hello!   wanted to share my SA (surgical abortion) experience. im a 26F, live in southern Wisconsin. I have had 5 pregnancies, 2 ended in miscarriages, 2 beautif..."
1llertt,"['Pregnancy', 'Mental Health']",['Pregnancy'],0.5,0.0,0.5,SA at 8 weeks 4 days I'm 6 days post abortion Hello everyone this group has helped me tremendously with going through with my procedure and just easing my fears and worries but does anyone else have r...
1lle0r2,"['Pregnancy', 'Medical', 'Mental Health']","['Medical', 'Mental Health', 'Pregnancy']",0.0,0.667,0.667,"I just need to vent. 31F. Had surgical procedure done with  large ovarian cyst,  and feel traumatized! Im 31 F.  I found out 3 weeks ago that I was pregnant and it was very much a shock. I was on birt..."
1lldxvg,"['Pregnancy', 'Mental Health']","['Mental Health', 'Pregnancy']",0.0,0.5,0.5,Can someone be honest with me about their experience with having a 3rd child instead of going through with an abortion I’m pregnant with my 3rd child and I’m heavily considering getting a SA but scare...
1lldsqb,"['Medical', 'Mental Health']","['Medical', 'Pregnancy']",0.667,0.5,1.0,Still Bleeding & Clotting Hello! I took my Mifepristone on May 24th. I took the Misoprostol on the 25th later in the night. I was 6 weeks and 3 days. I let the Misoprostol dissolve in my cheeks for 30...
1llcq5v,"['Pregnancy', 'Medical', 'Mental Health']","['Medical', 'Mental Health', 'Discrimination', 'Pregnancy']",0.25,0.5,0.333,My experience with a MA at 5 weeks. Confirmed negative pregnancy test (positive experience) I wanted to post my abortion experience here to hopefully bring some peace and reassurance to those experien...
1llc618,"['Pregnancy', 'Medical']","['Medical', 'Pregnancy']",0.0,0.5,0.5,I've gotten My SA today So I recently posted about having HG and deciding to terminate. Today I got the procedure done. I was so in my head the past two days thinking I was making the wrong decision b...
1llaxdx,"['Pregnancy', 'Medical', 'Mental Health', 'Sexual']","['Medical', 'Sexual', 'Pregnancy']",0.25,0.667,0.75,"Pregnant again after abortion? I got an abortion about 3-4 weeks ago. The first time we had sex vaginally a few days ago , the condom broke …. Which is just insane to me.   Anyways , three days before..."
1ll9y4f,"['Pregnancy', 'Medical', 'Mental Health']","['Medical', 'Mental Health', 'Discrimination', 'Pregnancy']",0.25,0.75,0.667,Taking pills from aid access Hi. I found out I was pregnant 2 days ago. I'm 6w 4d. I have a 8 month old and I really can't have another one yet. I haven't finished school. My husband and I live with h...
1ll9ls6,"['Pregnancy', 'Medical', 'Mental Health']","['Medical', 'Pregnancy']",0.333,0.5,0.667,"Abortion Procedure, Gyno appointment shortly after, advice needed I am 6 weeks pregnant, found out about a week and a half ago when I missed my period. I am in a legal state (elective abortions allowe..."
1ll98t4,"['Pregnancy', 'Medical', 'Mental Health']","['Medical', 'Mental Health', 'Discrimination', 'Pregnancy']",0.25,0.75,0.667,"Getting an abortion and don’t want to, not sure how to cope with it. would an SA be easier than an MA? I’m (22F) found out i was pregnant about a week or so ago and according to an app I’m at about 8 ..."
1ll96cc,"['Pregnancy', 'Medical', 'Mental Health']","['Medical', 'Mental Health', 'Pregnancy']",0.0,0.333,0.333,"My MA Experience at 9 Weeks 5 Days Hi guys! I’ve been a spectator for some time, just reading through your experiences. However, I’m now in a place where I feel comfortable and at peace enough to shar..."
1ll95u9,"['Abuse', 'Aggression', 'Pregnancy', 'Sexual', 'Mental Health']","['Mental Health', 'Abuse', 'Pregnancy']",0.4,0.75,0.833,Please Read. Im 18 and almost 20 weeks I need advice really bad. I started dating my boyfriend last summer when i was 17 he was 38. He has his own house and we both love watching movies together and h...
1ll68vq,"['Pregnancy', 'Mental Health', 'Abuse']","['Medical', 'Mental Health', 'Abuse', 'Aggression', 'Discrimination', 'Pregnancy']",0.5,0.5,0.5,Venting/looking for some comfort? Before i start this venting/ranting session i want to say im 100% pro choice and supportive of any decision a woman chooses to make but recently back in april i had a...
1ll56ez,"['Pregnancy', 'Medical', 'Mental Health']","['Mental Health', 'Pregnancy']",0.333,0.5,0.667,"Abortion pill worries Hi guys, I'm 20 years old and just found out this past week I am pregnant. I'm going to planned parenthood tomorrow to get the abortion pill option, however, I'm scared out of my..."
1ll46b0,"['Pregnancy', 'Medical']",['Pregnancy'],0.5,0.0,0.5,How long does it take for the pills to reach me? I am 9 weeks pregnant from Poland and I ordered   abortion pills from WHW Anyone from Poland who had the same experience please tell me how long it too...
1ll2zvd,"['Pregnancy', 'Medical']","['Medical', 'Pregnancy']",0.0,0.0,0.0,Rash around vagina after surgical abortion? I had a surgical abortion exactly a week ago and I’ve just noticed when I’ve gone to shave that I have a really bad rash around my vagina and “on the lips” ...
1ll2mq6,"['Pregnancy', 'Mental Health']","['Medical', 'Mental Health', 'Pregnancy']",0.333,0.333,0.667,"I’m having a MA abortion at 6 weeks this Saturday and I’m terrified Hi all, I recently found out I was pregnant at 21 and I am not ready to have a child by any means. I am in a state that it is legal ..."
1ll0gdj,"['Pregnancy', 'Medical', 'Mental Health']","['Medical', 'Mental Health', 'Pregnancy']",0.0,0.667,0.667,Could I have passed an abortion without knowing? I am 6 weeks pregnant!! On Tuesday I took my Mifepristone I think it was on the Wednesday night I noticed i started to bleed alot. This morning at 8am ...
1ll0c1e,"['Pregnancy', 'Medical', 'Mental Health']","['Medical', 'Mental Health', 'Pregnancy']",0.0,0.667,0.667,First time medicated abortion Hi yall. I’m 22 and from PA and yesterday found out that I’m about 4 weeks pregnant. To say this is a nightmare scenario for me would be an understatement.   After doing ...
1ll03i4,"['Pregnancy', 'Medical']","['Medical', 'Pregnancy']",0.0,0.5,0.5,"Positive SA story at Planned Parenthood I never thought I would need an abortion, but I became pregnant at 40 y/o. I went to planned parenthood for the surgical procedure. They did an abdominal ultras..."
1lkzv69,"['Pregnancy', 'Mental Health', 'Sexual']",['Medical'],1.0,1.0,0.667,"Abortion, bf commented and I can’t stop thinking about I got a surgical abortion three days ago and yesterday my bf and I had sex. Afterwards he told me that it felt like I was bigger down there. Is t..."
1lkzhd2,"['Pregnancy', 'Medical']",['Medical'],0.5,1.0,0.5,"First Menstruation after MA Hi everyone, I just want to ask: When does the first menstruation usually occur after a medical abortion?  It’s been 5 weeks and 2 days since my MA, and I was bleeding for ..."
1lkzbh5,"['Pregnancy', 'Medical', 'Mental Health']","['Mental Health', 'Pregnancy']",0.333,0.5,0.667,"What is the legality of traveling for an abortion in TX For context my girlfriend is on birth control and still took a plan B the morning after, but were still both worried.   It was awful seeing her ..."
1lkyzjr,"['Pregnancy', 'Mental Health']",['Mental Health'],0.5,1.0,0.5,Healed and Alive Again Hi! For all who regret their abortion for months or even years...how did you all healed and see the other side again? How did you let yourself feel happy again? Is life better o...
1lkxcrf,"['Pregnancy', 'Mental Health']","['Mental Health', 'Pregnancy']",0.0,0.5,0.5,"I got an abortion last week and I don’t feel like my body belongs to me anymore Hi, I m a 21 years old girl from France, and I got an abortion last week (I m sorry if my english isn’t good). I wanted ..."
1lkvl98,"['Pregnancy', 'Medical']","['Medical', 'Pregnancy']",0.0,1.0,1.0,"Will 10 weeks and 6 days of pregnancy work for taking MA? I tried my first attempt using the WOW pills, the dose are complete but I mis-thought the packaging of combi-pack which is I thought that the ..."
1lkv4ka,"['Pregnancy', 'Medical', 'Mental Health']","['Medical', 'Mental Health', 'Pregnancy']",0.0,0.667,0.667,"No gestational sac found after surgical abortion Hi guys, I am 6.3 weeks and had my SA today. When I woke up they informed me that they removed the tissue but could not see the gestational sac. I need..."
1lkqqmy,"['Pregnancy', 'Medical', 'Mental Health']","['Medical', 'Mental Health', 'Discrimination', 'Pregnancy']",0.25,0.75,0.667,"MA at home, a lot easier than expected so i’m not sure it worked? I took my mife pill monday at 3pm, took first dose of miso (4 pills) on tuesday at 3pm, took about 2 hours till i had any cramping but..."
1lkpzls,"['Pregnancy', 'Medical', 'Mental Health']","['Medical', 'Mental Health', 'Pregnancy']",0.0,0.667,0.667,abortion pill at home or in clinic hey so i scheduled an abortion pill appointment with my local planned parenthood this Thursday afternoon. I planned on taking it Friday afternoon because I have a fr...
1lkp35g,"['Pregnancy', 'Mental Health']","['Discrimination', 'Pregnancy']",0.667,1.0,1.0,Please someone help me I'm in a state that dosnt allow abortions and I don't have the funds to travel out of state or pay to have it done. Please someone help me with ideas. I am struggling and all al...
1lkorw0,"['Pregnancy', 'Medical']","['Medical', 'Pregnancy']",0.0,0.0,0.0,Abortion this past Monday/tuesday So had my first pill Monday and the four Tuesday. I’ve passed huge clots and bled yesterday and today. I was 6 weeks and 3 days I go on vacation Friday. Can I swim if...
1lnpdu9,"['Pregnancy', 'Medical', 'Mental Health']","['Medical', 'Mental Health', 'Pregnancy']",0.0,0.667,0.667,"Miscarriage 5w5d? Need advice Hi everyone,  I’m hoping to hear from anyone who’s been through something similar. This has been such an emotional rollercoaster, and I feel like I’m stuck in limbo.  I r..."
1lnp3jn,"['Pregnancy', 'Medical', 'Mental Health']","['Medical', 'Mental Health', 'Pregnancy']",0.0,0.667,0.667,"Second miscarriage and left with questions I’ve had my second miscarriage this year. I had an ultrasound and bloodwork, didn’t see anyone in my uterus and I was on a downward trend for hcg. But my mos..."
1lnoi2p,"['Pregnancy', 'Mental Health']","['Mental Health', 'Pregnancy']",0.0,0.5,0.5,"Miscarriage
I just got home from my appointment of finding out i lost my baby. What do i do now i feel like i have no purpose or will anymore"
1lno7wl,"['Pregnancy', 'Medical']","['Medical', 'Pregnancy']",0.0,0.5,0.5,Natural Miscarriage - Timeline so far I found out last Saturday 21st (at 8 weeks) that baby was measuring 6w1d without a heartbeat. I had experienced very pale brown spotting for a day or so prior. We...
1lnkiw2,"['Pregnancy', 'Medical', 'Mental Health']","['Medical', 'Mental Health', 'Pregnancy']",0.0,0.667,0.667,"Am I miscarrying? I stopped my birth control on May 6th. Today I started bleeding but I had my period from June 6th to the 8th so my period isn't due, I'm actually suppose to ovulate this week accordi..."
1lnk4nj,"['Pregnancy', 'Medical']","['Medical', 'Pregnancy']",0.0,0.5,0.5,HcG I had a miscarriage about a little over a month ago. I was 5 weeks. My hcg level was at 60. It is now 49 a month later.   Is it supposed to go down so slow?   I also haven’t gotten a period since ...
1lnjzui,"['Pregnancy', 'Medical', 'Mental Health']","['Medical', 'Mental Health', 'Pregnancy']",0.0,1.0,1.0,"MMC, D&C, then Chemical Pregnancy? I found out in March - when I was supposed to be 11 weeks pregnant - that it was fetal demise and development stopped around 8 weeks.  I thought I miscarried natural..."
1lngmjb,"['Pregnancy', 'Mental Health']","['Mental Health', 'Pregnancy']",0.0,0.5,0.5,Someone said congratulations Someone congratulated me and I asked for what? And they said they heard from my friend that I was pregnant.  Guess my friend forgot to let them know I miscarried. I had to...
1lng21f,"['Pregnancy', 'Medical']","['Medical', 'Mental Health', 'Pregnancy']",0.333,0.333,0.0,"5+2 Found out at 10DPO, line profession was steady and test and control were same colour on day of missed period.   Went to ED at 5+1 cramping and light bleeding. Bedside ultrasound confirmed pregnanc..."
1lnej35,"['Pregnancy', 'Medical', 'Mental Health']","['Medical', 'Mental Health', 'Pregnancy']",0.0,1.0,1.0,"Possible blighted ovum I don't know when I ovulated, I was tracking it but it never peaked (was using digital tests and my ovulation day changed or I literally got pregnant ON ovulation day) and I bel..."
1lnc122,"['Pregnancy', 'Medical', 'Mental Health']","['Medical', 'Mental Health', 'Pregnancy']",0.0,1.0,1.0,Naturally trying 6months after MC Hi all.. We are 25.5F and 30M and we're open to conceiving.. Aug2024 we conceived and everything was happy till 04/11/2024 when I had my first US scan and they found ...
1lnbu3i,"['Medical', 'Mental Health']","['Mental Health', 'Pregnancy']",0.667,0.5,1.0,"first period after miscarriage
got my first period after my d&c, feeling super emotional about it 😔

hoping for my rainbow baby soon."
1ln8zi7,"['Pregnancy', 'Medical', 'Mental Health']","['Medical', 'Mental Health', 'Discrimination', 'Pregnancy']",0.25,0.5,0.333,Dealing with grief from d&c and family thoughts I recently experienced my first miscarriage and dealt with grief that was so severe that I checked myself into 2 mental crisis facilities. I ultimately ...
1ln4y2y,"['Pregnancy', 'Medical', 'Mental Health']","['Medical', 'Mental Health', 'Discrimination', 'Pregnancy']",0.25,0.5,0.333,"Somone please offer advise i need help So I had a miscarriage, I was supposed to be 6 weeks. Went to the hospital today for an ultrasound, waited TWELVE hours for a doctor to come discuss my results. ..."
1ln4x1a,"['Pregnancy', 'Medical', 'Mental Health']","['Medical', 'Mental Health', 'Pregnancy']",0.0,0.667,0.667,"When does the bleeding stop? I am/was six weeks pregnant, and this morning I woke up, everything was fine, then around lunch I noticed spotting and it started to get heavier and heavier throughout the..."
1ln4q46,"['Pregnancy', 'Mental Health']","['Medical', 'Mental Health', 'Pregnancy']",0.333,0.333,0.667,Had miscarriage last year The night that I took the test something told me to video it. So I did that my boyfriend was not at the house at this time. So it was just me in the video. My face was stunne...
1ln247c,['Pregnancy'],"['Mental Health', 'Pregnancy']",0.5,1.0,1.0,Lactating after loss.. I miscarried last week at 18 weeks 2 days. It has been 10 days and now I’ve started lactating. My fiancé is the one who figured it out( you can probably guess how ) lol. 😂 I’m n...
1ln1pai,"['Pregnancy', 'Mental Health']","['Medical', 'Pregnancy']",0.667,0.5,0.5,"Anyone not really sure how they feel during/post MC? Started spotting, then bleeding 7w4d, pretty quickly concluded what was happening. Ultrasound at 8 weeks confirmed. Incomplete miscarriage, and hop..."
1ln1069,"['Pregnancy', 'Mental Health', 'Abuse']","['Medical', 'Mental Health', 'Abuse', 'Aggression', 'Discrimination', 'Pregnancy']",0.5,0.833,0.667,"I survived abuse, miscarried his baby, and now I’m grieving with no one to talk to I'm 17 and I recently found out I miscarried. It was my ex's baby. he was extremely toxic and emotionally abusive, sl..."
1lmzh19,"['Pregnancy', 'Medical', 'Mental Health']","['Medical', 'Mental Health', 'Pregnancy']",0.0,0.333,0.333,"Never ending bleeding This has been one of the most draining experiences so far, I’ve had five losses including this one. After a lot of back and forth it was finally confirmed not to be ectopic. I st..."
1lmydnj,"['Medical', 'Mental Health']","['Medical', 'Pregnancy']",0.667,0.5,1.0,"Am I having a miscarriage? Hi, sorry if this type of question is not allowed here but I am worried. So I have recently been getting a “period” for the past week, but the “blood” is dark brown with lit..."
1lmyacn,"['Pregnancy', 'Medical']","['Medical', 'Pregnancy']",0.0,0.5,0.5,Let it ride out or ER visit? I had a miscarriage several years ago without any symptoms.   Currently— LMP was May 23rd. Took a pregnancy test 1 week ago which was positive. A few days ago I had some p...
1lmxs3f,"['Pregnancy', 'Medical', 'Mental Health']","['Medical', 'Mental Health', 'Pregnancy']",0.0,1.0,1.0,I’m really worrying about an ectopic as I wait for my third HCG test on Monday… This is my second chemical pregnancy but the bleeding is way more sporadic than before.   I had some pink and brown spot...
1lmts9f,"['Pregnancy', 'Medical', 'Mental Health', 'Abuse']","['Medical', 'Mental Health', 'Pregnancy']",0.25,0.333,0.5,"I miscarried and my partner left me TW: abortion, semi-graphic descriptions  About a week ago I found out I was pregnant. This came a few weeks after my partner and I had a mishap with the condom and ..."
1lms2wx,"['Pregnancy', 'Mental Health']","['Medical', 'Mental Health', 'Pregnancy']",0.333,0.667,0.5,Late first trimester ultrasound found missed miscarriage.  I had my first trimester scan yesterday where I am currently 12 weeks. They found out that my baby stopped growing after 7 weeks.  My physici...
1lmomys,['Medical'],['Pregnancy'],1.0,1.0,1.0,"For those of you who had blighted ovum, how was your hcg?
Was your hcg normal but low or was it simply not going up every 2 days?"
1lmnh25,"['Pregnancy', 'Medical']","['Medical', 'Pregnancy']",0.0,1.0,1.0,"Chemical pregnancy questions Hello. I am having a chemical pregnancy.(was 5 weeks when my hcg dropped down to 45, it was 125 a week before) I have a couple of questions. I started bleeding Wednesday w..."
1lmdv2e,"['Pregnancy', 'Mental Health']",['Not Applicable'],1.0,1.0,0.667,Support group for single woman? My friend had a miscarriage and the guy dumped her two days after her surgery. She’s in a support group now but everyone in it is a couple and it just makes her so sad ...
1lmd1sr,"['Pregnancy', 'Medical']","['Medical', 'Pregnancy']",0.0,0.5,0.5,Did I have a miscarriage? Starting off I want to say that I have PCOS & Endometriosis so it’s been very hard for me to differentiate my symptoms at different points the last couple years. I’m confused...
1lmcra8,"['Pregnancy', 'Medical']","['Medical', 'Pregnancy']",0.0,0.0,0.0,"Did air travel cause miscarriage? I know flying did not cause my miscarriage, but the way the ER doctor and my OB said, “oh you’ve been on a plane recently” when I started to miscarry just makes me up..."
1lmcgqk,"['Pregnancy', 'Medical', 'Mental Health']","['Medical', 'Mental Health', 'Pregnancy']",0.0,0.667,0.667,What was your D&C experience? I have a blighted ovum. The sac is measuring about 7 to 8 weeks. I am 10 weeks according to my LMP.  I’ve had two previous miscarriages one at 4 weeks and one at 5 weeks....
1lmbeoj,"['Pregnancy', 'Mental Health']","['Medical', 'Mental Health', 'Pregnancy']",0.333,0.333,0.667,"Feeling hopeless Context: I’ve had two miscarriages within 5 months of each other (one at six weeks, one at 10 weeks)   I’m feeling so hopeless. After my last miscarriage, my doctor recommended taking..."
1lmat6v,"['Pregnancy', 'Medical']","['Medical', 'Pregnancy']",0.0,0.5,0.5,Medicated miscarriage with miso not much bleeding Hello everyone so my husband and I found out our 7 week appointment that the baby’s heart stopped beating a few days after our 6 week appointment I wa...
1lm9ka1,"['Pregnancy', 'Medical', 'Mental Health']","['Medical', 'Mental Health', 'Pregnancy']",0.0,0.667,0.667,"TW miscarriage Hello, I found out I was pregnant around may, my HCG was super low and according to last period date I was 8 weeks pregnant by our first appointment.  June 2nd was our first appointment..."
1lm9d2j,"['Pregnancy', 'Medical', 'Mental Health']","['Medical', 'Mental Health', 'Pregnancy']",0.0,0.333,0.333,Annoyed by language around MC & early pregnancy Does anyone else feel annoyed by some of the language used during early pregnancy? I went into my first pregnancy cautiously because I knew that a misca...
1lm93mx,"['Pregnancy', 'Medical', 'Mental Health']","['Medical', 'Mental Health', 'Pregnancy']",0.0,0.333,0.333,"Pressure/soreness a month after complete miscarriage, worried I miscarried both the foetus and the placenta on 6+5 weeks a month ago (May 30th). I went to ultrasound almost two weeks ago and everythin..."
1lm91cy,"['Pregnancy', 'Medical', 'Mental Health']","['Medical', 'Pregnancy']",0.333,0.0,0.333,D&C I had my D&C today for an incomplete miscarriage. I miscarried on Mothers Day but unfortunately didn’t pass everything and despite waiting this long I still had retained products so I opted for th...
1lm8xy4,"['Pregnancy', 'Mental Health']","['Medical', 'Mental Health', 'Pregnancy']",0.333,0.333,0.667,Miscarriage at 18 weeks - will we be able to see the remains for closure? My fiance miscarriaged baby girl at 18 weeks. OBGYN said it likely happened a few days ago before the ultrasound that determin...
1lm3y3n,"['Pregnancy', 'Mental Health']","['Mental Health', 'Pregnancy']",0.0,0.5,0.5,"Feeling lonely Hello all! Sorry if this doesn’t make a ton of sense or feels ramble-y.  I’ve recently suffered a miscarriage and have good days and bad days. Physically, I’ve recovered. Emotionally th..."
1lm3tt6,"['Pregnancy', 'Mental Health']","['Mental Health', 'Pregnancy']",0.0,0.5,0.5,Advice for a first miscarriage I just had my first miscarriage at 8 weeks. I was bleeding a week ago that stopped. I prepared myself for the worst for my first scan and there was no heart beat. She ha...
1lm3nxb,"['Pregnancy', 'Medical', 'Mental Health']","['Medical', 'Mental Health', 'Pregnancy']",0.0,0.667,0.667,I’m having a miscarriage but have no OB and no insurance. What should my next steps be? I'm about 8 weeks along. I started bleeding yesterday and have continued all day today. I have applied for Medic...
1lm33lk,"['Pregnancy', 'Mental Health']","['Mental Health', 'Pregnancy']",0.0,0.5,0.5,"So mad I found out yesterday that my current pregnancy is non viable, just waiting on baby to pass. This is my third miscarriage, and I made it to 9 weeks so I was SURE this one would stick. The other..."
o6t7tt,"['Abuse', 'Sexual', 'Mental Health']",['Sexual'],0.667,0.0,0.667,"i have heard my dad talk about s*x and his ED twice now :/ first time it happened he was being really loud, i was in the other room (he knew i was home) . my Mom told him to be quiet so i wouldn’t hea..."
o5z0kx,"['Abuse', 'Sexual', 'Mental Health']",['Sexual'],0.667,1.0,1.0,I've just learned from my sister that our mutual friend masturbated while he was video calling her several times. I have had that experience once but wasn't sure if he was doing it. What should I say ...
o5htlf,"['Abuse', 'Mental Health']","['Mental Health', 'Abuse', 'Aggression', 'Discrimination']",0.5,0.75,0.5,"My boss watched it happen and did nothing I'm still struggling to feel okay, it's objectively not that bad and I'm a guy, I should be tough and not feel violated, but I do.  So I work at a grocery sto..."
o4n7go,"['Abuse', 'Aggression', 'Mental Health']","['Mental Health', 'Abuse', 'Aggression', 'Discrimination']",0.25,0.833,0.8,Was this sexual harassment? Though I’m still disturbed and disgusted by this dirty old lady So over a year ago when I just turn (18m) my male parent had a girlfriend over the house from Florida (US) s...
o4m89t,"['Sexual', 'Mental Health']","['Mental Health', 'Abuse', 'Sexual']",0.333,0.667,0.5,"was i harrassed? help Trigger warning: nsfw, sexual harassment and sexual content  Hi everyone, I’m just in a total haze of panic right now and need help  I  (16F) got a vist from my childhood best fr..."
o2aqar,['Abuse'],['Not Applicable'],1.0,1.0,1.0,"My step-mom's dog sexually harassed a social worker. This dog was so nosy, that I was in fucking shock when I saw the dog look up this lady's skirt!  This dog was also clawing at the legs of this lady..."
o166r5,"['Abuse', 'Mental Health']","['Mental Health', 'Abuse']",0.0,0.8,0.8,Having trouble getting over sexual harassment that happened when I was 15 When I (22F) was 15 I was sexually harassed by a 22 yo who I still have some contact with through a mutual organisation (a bra...
o0h2kg,['Abuse'],['Abuse'],0.0,0.5,0.5,"Is this sexual abuse?  I once went to the beach with my friends and got both drunk and high. I started to try to hug and kiss a guy multiple times and he would push me away, but I would start laughing..."
o0afum,"['Abuse', 'Mental Health']","['Mental Health', 'Abuse']",0.0,1.0,1.0,"Was I (17M now) sexual harassed when I was 12? So when I was 12 years of age, I went on a trip with my father and younger sister to my great uncles house to celebrate Christmas with my dads family.   ..."
o06bi1,"['Abuse', 'Sexual']","['Abuse', 'Aggression']",0.667,1.0,0.5,"Was I sexually harassed? I apologize in advance if I'm just making a big deal out of nothing. I'm 13f now, this happened when I was 4-6 years old.  So, you know how parents have to help young children..."
nz2idq,"['Abuse', 'Mental Health']",['Mental Health'],0.5,1.0,1.0,Was I sexually harassed? Hey guys. This is going to be a strange post because it’s going to have to be detailing a lot of...strange things that happened to me Friday night at a friend’s graduation par...
nxvyxq,"['Abuse', 'Mental Health']","['Mental Health', 'Abuse', 'Aggression']",0.333,1.0,1.0,"is this harassment? i’m f14 and i was sitting in a less crowded area of my town centre on a bench to calm down because i felt overwhelmed by the crowds in most shops, so i put my earphones in and sat ..."
nxaylh,"['Abuse', 'Mental Health']","['Mental Health', 'Abuse']",0.0,1.0,1.0,"is this harassment? advice? i’m (16f) turning 17 pretty soon, and i recently had my first driving lesson. i had this male instructor that was maybe in his 20s or 30s and he drove me to a parking lot w..."
nwxn0z,"['Abuse', 'Mental Health']","['Mental Health', 'Abuse', 'Discrimination', 'Pregnancy']",0.5,1.0,1.0,People in careers meant to help people .... taking advantage My ex landlord told me he would rent to me because no one else would because my eviction was not 5 years old. He invited me over to the hou...
nuwo5b,"['Abuse', 'Mental Health']","['Mental Health', 'Abuse']",0.0,1.0,1.0,Was I sexually harassed??? This happened yesterday. I am a thirteen year old girl and my new neighbors just moved in. They have a little boy whose only eight years old (will call him Mike). My eleven ...
nutews,['Sexual'],"['Mental Health', 'Abuse']",1.0,1.0,0.0,"Was I sexually harassed? Idk what to call it I've recently reevaluated an experience I had with my former best friend. I don't really know what to call it and I can't find articles that mention it, so..."
nup9lo,"['Abuse', 'Sexual', 'Mental Health']","['Mental Health', 'Abuse', 'Aggression']",0.5,1.0,1.0,My father in law is sexually harassing me and I don't know what to do I don't even know how to start. I'm together with my boyfriend for only half a year now. I always had the feeling that the parents...
nuaxha,['Not Applicable'],['Not Applicable'],0.0,1.0,1.0,"Is it considered sexual harassment if we point out to our friend that someone likes him/her? I can sense that in circle of friends, pointing out that one friend likes another can change the dynamic of..."
nt5znw,['Not Applicable'],"['Mental Health', 'Abuse', 'Not Applicable']",0.667,0.667,0.0,"For two years police in Basalt, CO have gone to my job sites as well as driven past my house daily. Hello, I moved to Basalt Colorado two years ago from Tennessee. I began noticing in Tennessee whenev..."
nrl9si,"['Abuse', 'Sexual', 'Mental Health']","['Mental Health', 'Abuse', 'Aggression', 'Discrimination']",0.6,0.8,0.75,"My maths teacher sexually abused and molested me when I was 14. It still haunts me in my dream. My maths teacher. She was a 28 year old lady when I was 14 and I was doing my 9th grade. During school, ..."
nrhdp8,['Abuse'],"['Abuse', 'Sexual']",0.5,0.5,1.0,My manager I worked at a restaurant for 3ish years and for about 2 and a half years I was sexually harassed by my manager. I would say in that there were only a handful of days that he did not make se...
npkwwt,"['Abuse', 'Mental Health']","['Mental Health', 'Abuse']",0.0,1.0,1.0,Is it bad that I still think about my sexual harassment experience? I have been lurking on this sub for a bit but I have not posted yet so please be gentle. I was sexually harassed for a while by a cl...
nnrs7a,"['Abuse', 'Discrimination', 'Mental Health']","['Abuse', 'Sexual', 'Discrimination']",0.5,0.75,1.0,"Help, please. Me (29f) being harassed by coworker (59m) I don't know what to do anymore.  My coworker has always made me uncomfortable. He has told me about his sexcapades basically since I started wo..."
nnms4b,"['Abuse', 'Mental Health']","['Mental Health', 'Abuse']",0.0,1.0,1.0,Did my teacher sexually harrass me? Yesterday me and my friend went to his class to chat with him and his students. (I should definitely mention that this teacher is famous for joking inappropriately ...
nkwtbq,"['Abuse', 'Sexual', 'Mental Health']",['Mental Health'],0.667,1.0,0.667,"Was I the victim or was she? I have severe doubts and I have guilt over the incident. Let me preface this by saying that I was a dumb, horny 15 year old. A dumb horny 15 year old who had no idea how a..."
nkwmqd,['Discrimination'],['Discrimination'],0.0,1.0,1.0,"Is this sexual harassment? And what can I do? …….. I went to a hibachi restaurant and was seated in a table with a bunch of white men. They were sucking their teeth , staring and rolling their eyes fr..."
ni95ni,"['Abuse', 'Mental Health']","['Mental Health', 'Abuse']",0.0,0.667,0.667,"Is this sexual harassment? TW: childhood abuse This is a very complicated situation. I am a girl of 18 years old, and about a month ago my sister (16) told my mum that my dad sexually abused her for m..."
ni7x3j,[],['Abuse'],1.0,1.0,1.0,"Is it normal for my body to react this way?🥴 Im starting to think that there might be a correlation between physical touch and whether I develop a crush on a guy that i dont find attractive at all, li..."
ngs45t,['Not Applicable'],['Abuse'],1.0,1.0,0.0,Am I being sexually abused because I am subservient (one of my abusers called me that)? He's a coworker who randomly one day said I am subservient. Maybe he was just trying to get in my head but I wou...
ngac84,"['Abuse', 'Mental Health']","['Mental Health', 'Abuse', 'Discrimination']",0.333,1.0,1.0,"I need advice on my boss who has been harassing to female staff I’ve worked at my job for 2 years. One morning, a coworker told me while she was opening she dropped a tool and it broke, and she went t..."
nfv1lv,['Not Applicable'],"['Mental Health', 'Abuse']",1.0,0.75,1.0,"Am I overthinking this interaction? (M, 23) I just started a new job as a Mental Health Aide less than a month ago at the hospital, I work with nurses and physicians in client care.  This one nurse I’..."
nffxpl,"['Abuse', 'Mental Health', 'Discrimination']","['Mental Health', 'Abuse', 'Aggression', 'Discrimination']",0.25,0.75,0.667,"Not A question, just a story. I never thought it would happen so close to me. TW: THREATS AND MENTIONS OF SUICIDE Theres a guy at my school who's harassed 4 girls and he has told me and many other peo..."
ne3y3c,['Abuse'],['Not Applicable'],1.0,0.0,1.0,"I’m not really sure if this is harassment or not I was walking down stairs to leave a store, and a man who was going up the escalator was staring at my boobs and said something like “nice” or “sweet” ..."
nbaqrf,['Abuse'],['Not Applicable'],1.0,0.0,1.0,Im so confused on what happened with my boss (NSFW) I got this new job about a month ago. Its a small family owned store the boss and his wife both run the store and their kids are always hanging out ...
nazhxz,"['Abuse', 'Mental Health']",['Mental Health'],0.5,1.0,1.0,"I would love to know how you would react Hello everyone-  Today I was walking in my neighborhood past a house that I always walk by. This house, in particular, has flags and signs that would allude to..."
naf4xv,"['Abuse', 'Sexual']","['Abuse', 'Aggression']",0.667,0.667,0.0,Was I sexually harassed or assaulted or am I just overreacting? So these events occurred almost two years ago. We were both 15.  So I had a boyfriend for like two weeks and we went to homecoming toget...
n9ulje,"['Abuse', 'Aggression', 'Mental Health']","['Mental Health', 'Abuse', 'Aggression']",0.0,0.5,0.5,"Something nearly happened to me last night and I can't stop thinking about it m21 A little bit of backstory, I'm a 21 year old straight male about 6'1 and fairly slim. I've been hit on a fair amount b..."
n8todl,['Not Applicable'],['Not Applicable'],0.0,0.0,0.0,"this doesnt really constitute harassment, but in my brain it feels like it... girls - how do you react if a guy hits on you?  it happened to me for the first time today. Ive always been overweight and..."
n8lndi,"['Abuse', 'Mental Health']","['Mental Health', 'Abuse']",0.0,0.667,0.667,Is it sexual abuse for my father to touch my bum/thighs and to lick my ears as a joke? Tw: sexual abuse (?)  My dad started doing this since I became a bit older (I'm still a minor) and it kinda makes...
n8kldg,"['Abuse', 'Sexual', 'Mental Health']","['Mental Health', 'Abuse', 'Sexual']",0.0,0.667,0.667,"Female here, prefer not putting my age in Years ago I met a boy online, his name was “Mario” I still have his username, he asked me to be his “online gf” I accepted *lets clarify I was 10 at that time..."
n6p876,"['Abuse', 'Sexual', 'Mental Health']","['Mental Health', 'Abuse']",0.333,0.667,0.333,"Need to get this off my chest  I have never posted on any online forum so here goes nothing.  I am a male in my late 20s. In high school, I was sexually harassed and sexually assaulted by several wome..."
