id,text
,"(Update) My(24F) fiance (27M) left me for his ''one that got away"" and now wants me back.

[Original](https://www.reddit.com/r/relationships/comments/3rt27g/my24f_fiancee27m_left_me_for_his_on_that_got_away/)

I didn't plan on updating or at least not so soon but i have another problem.


I'm really thankful to everyone who answered and comforted me. You guys gave me the strength to look forward and not make a decision based on nostalgia. I felt really alone in my pain but thanks to you i felt a little less lonely.


So Mark wanted to meet on sunday but i unblocked him from my phone and told him i didn't want to meet and to please not contact me anymore, he answered ""Please baby i need to talk to you, can we meet another day? I know i fucked up really bad and hurt you deeply but i'll do anything to make it up to you, anything you ask i'll do it...'' needless to say it just angered me more, how dare he use terms of endearment with me. I just blocked him again after that. I met his mom on saturday and told her to proceed with the notification of cancellation. We had an emotional moment and she told me even though she would have really wanted us to stay ''One big family'', she would have done the same in my place. She had hoped i would find the strength to forgive him but she understands. And so the wedding is indeed still being cancelled. My poor brother ( i told him personally) had already bought his plane tickets from Australia but got a refund. I rearranged all the furnitures in the house and bought new bedding sets, to make a new start and moved to the spare room for good. It looks really different and i like it. Apparently he told our friends because some brought it up to me, asking if we are getting back together, but said they ''didn't want to side''. 

On sunday evening i had a visitor. I never have people coming this late usually, it was around 9pm. When i went to look through the peephole i saw Mark, **with his ex**. I seriously had a moment of panick. He must still have the key for the main entry since he managed to get to my door without using the intercom. I don't know if it was a coward thing to do but i just chose not to open. I know they knew i was there and i heard him ask me to ''Please let him in, that he just wanted to talk'' through the door. Honestly even though i feel better i don't think i'm emotionally stable enough to deal with him and especially him with his ex. They stayed about 15 minutes and then they left. I thought he would get the message but they came again yesterday around the same time!! And i didn't open again. They waited even longer. I know i'm not being an adult.


So now i don't know what to do. I feel nervous in my own house because i dread the moment they'll come back. He knows my schedule and he came at the time where i usually come back from my zumba class. However yesterday was a holiday so we didn't have class. I'm afraid he will come again and i don't think i can face him. What should i do? I know i c"
,"my parents have an obsession about whether or not I was abused

so note I never claimed to of been abused or even suggested that I was. yet they constantly say ""you guys know you were never abused right?"". it used to confuse me why they would do that. the older I got I did start to notice some abusive behavior but as a kid I was pretty oblivious to this stuff. sometimes they would even get very heated and claim that I was a spoiled brat because I think I have it hard or that I'm being abused even though I hadn't claimed either. One time my dad actually made up a lie that I told my therapist I was being abused. I never said such a thing to my therapist and when I call him a liar he gets really upset and says that he heard me from the waiting room (which wouldnt even be possible if I had said it). 

The more they desperately want me to know I wasnt abused the more weirded out I get. I assume normal parents dont insist they didnt abuse their kids?"
,"My dad

[removed]"
,"Scared of having a natural miscarriage waiting for D&E

I’ve been waiting for my D&E - was scheduled  a week after I found out my baby died around 13.5 weeks at my 15 week ultrasound. 

I’ve had a little discharge but no bleeding yet, and wondering what it would be like if I started to have a miscarriage on my own. For those who’ve passed their baby naturally, what was it like? How do you decide whether to go to the ER? 

I’m scared it will come out of nowhere and be really painful since I was pretty far along. But rationally, I guess if my body hasn’t started the process yet, it probably won’t happen in the next couple days either."
,"Fear of meeting with friends who might announce pregnancy

I didn’t share my first miscarriage with many people, only very close friends. My second miscarriage was harder, mentally-wise, so I wanted to share with more people. The day after I miscarried I met up with two friends and before I could tell them one of them blurted she was pregnant. It hurt.

I now find myself scared to meet with friends who might announce. For example, I don’t see the girls from school that often. One of them has been asking to meet up; even when we couldn’t agree on a date; she’s been repeatedly trying to find 15 minutes for a coffee. I’m scared she might announce a pregnancy and I really don’t want to know if that’s the case.

Do you fear other people’s pregnancies, even when you actually don’t know anything? I feel like I’m going crazy."
,"Me Too

The women of the Me Too movement 
Who belittle men and testify falsely, your time will come."
,"I'm not unique. But I'm sad and scared.

I'm new here. I went in for my 8 week ultrasound on Wednesday and the gestational sack was empty. We were shocked, obviously. We were so excited. I'm 40. I was doing everything right. I had been very nervous and cognizant that a miscarriage could happen, but as the weeks went on, and pregnancy symptoms went on, I started feeling better and more secure. I have some frozen eggs stored so we had/have been considering using them, but getting pregnant naturally felt like such a blessing.

I'm on my way to the doctor for the mifepristone to help it pass. I haven't decided what time I'll start, but I will do the misoprostol tomorrow at home.

Like the title says, I'm not unique. I know this happens all the time to so many people. I replied in a different post and a few people replied and it really brought some comfort. But I'm sad. And I'm scared. And I'm crying as I write this. That's all. 💔"
,"how do you cope?

hello everyone, over the summer i had a miscarriage and i’ve kept it to myself for the most part but it’s eating me inside. i haven’t told anyone in my family because i’m only 18 and it’s just going to make me feel further discomfort, but this is the most emotionally exhausting thing i’ve ever been through and i’m going through it entirely alone. i haven’t told the father and i don’t know if i’m going to, my closest friends don’t know how to help, and i don’t know where to turn. it’s a sensitive topic for me and i feel really traumatized from the experience, i just feel like a shell of the woman i am. 

what did you guys do to help you? where do you find support?"
,"8yo obsessed with Pride

My 8yo daughter has become obsessed with anything and everything pride over the last year. I don't like her so into sexuality at this young age. Further it feels like this developed very rapidly after some unfortunate exposure to inappropriate content online (during covid-era remote learning). She is also a natural contrarian and likes to be different (something she loves about the LGBTQ community). I'm seeking sober advice from parents. It seems that if I question this whatsoever I am immediately homophobic and repressing my daughter's identity which I think is bullshit. I just feel my daughter is simply too young to be so into questions of sexuality and identity. Further part of me suspects this is triggered by circumstances/certain events. How do I support her and honor her curiosity but also dissuade her from going to deep especially when I live in a city/neighborhood/time where everyone is so eager to encourage increasingly younger children to lean into gender fluidity/sexuality? Again, I repeat loud and clear... I support every type of love so I hope to the heavens this doesn't elicit homophobes and haters. I just need honest/open discussion from other supportive and open-minded parents."
,"Did anyone else “feel” their baby early pregnancy and “felt” the loss before miscarriage?

My husband calls me a witch lol but I just today found out I’m miscarrying my baby that stopped growing at 5 weeks. This sounds crazy but I have already mourned the loss of this baby at 6 weeks and feel like I’m processing the last part of this process. A few days before 6 weeks I had a sudden loss of all symptoms and I could no longer feel the presence of my baby. Like I know they were in there but it’s like their soul had left and I knew it. I grieved for 3 days till people told me to think positive because I didn’t have confirmation. But I got that confirmation today at 8w4d and all I could say was “I knew it.” Did anyone else experience this intense intuition of loss before medical confirmation? I feel crazy… I don’t know if it’s my emotional mind and I still need to process more than I thought or what. Sorry if this is jumbled it’s been a rough day."
,"My mother just slapped my 12 year old sister really hard, then came downstairs to me and complained that her hand hurt.

Tw: minor descriptions of physical abuse and swears.

I was looking for a sewing needle and thread and bumped into my mother in the kitchen. She was stood there on her phone again.

I looked in the cupboard and couldn’t find it. 
My mum said ‘you found it yet?’. I said no. 
She said ‘for f*cks sake’ slammed the door into my arm. Didn’t apologise. Whatever- I’m used to it.

I called up the stairs ‘Sister E. Sister E. do you have the sewing kit?’ She called down ‘let me look... yes I do.’ I called back ‘Can you bring it down?’ She replied ‘no’ in a jokey/sarcastic tone.

My mum pushed me out of the way- stormed upstairs and slammed her door on to the wall- before hitting her and screaming at her.

My sister cried out in very audible pain.

My mum came downstairs and went ‘ow my hand Hurts now-‘ then began laughing. Not laughing maniacally- but like a chuckle or a snicker."
,"I regret my abortion last year and I feel like I’m losing my sanity.

I was in xray school @ the time,me and my bf were NOT on good terms. We were both living with my parents and we had no money to our names and I didn’t want to bring a baby in the world knowing I didn’t have the money or the best relationship with my partner. I’ve always wanted to be a mom though and I’m sure I made the right choice for me and my child but the what if still haunts me.. and I feel like I missed out on an opportunity on being a mom. Maybe I was suppose to struggle and drop out of college.. as crazy as that sound idk. I feel lost and confuse"
,"Spent my 20's Travelling the World as Entertainer on Ships.. Life Now is... Really.. Really Bad...

**Hi everyone,**

I have spent the last 7 years or so working on board massive cruise ships in the entertainment department working every day. Life was great, definitely wasn't all sunshine and roses... but it was good.. I was always busy.. no time to think... I had a girlfriend that ended up leaving me for her chiropractor...

**After ship life...** well.. lets just say the past 3 years have been horrible. I am 31 years old now.. I am broke, not a single dollar to my name, in debt, no girlfriend, I dont socialize with anyone, no friends, stopped taking care of myself, stopped eating properly, I smoke so much weed and cigarettes, I don't talk to my family anymore, they are toxic,I definitely let myself go.. If it wasn't for my mind I definitely would be really successful I always just lose to my mental challenges...

So many things happened in my past that I just cant get over. Ive tried work but Ill end up leaving because I dont like it or get fired in the most dramatic way... I love the spotlight... I dont have any more energy to do anything, I use to dance, every day, drink lots of water, have a good diet and body, hangout with friends, girlfriends... Now... I'm afraid I have lost hope and it might just be a matter of time.

I have tried so much different medications, I've had 4 different therapists... and I just feel like nothing can TOP what I've seen and dont throughout the past 7 years.. It's almost like a PTSD.....

I just wanted to share and maybe somebody can say something that can help me get out of this...

Thank you all.."
,"Domino’s Let an Assistant Manager Steal and Use Drugs, but I Got Fired for Speaking Up.

I was formally working as a general manager at dominos. (Location: New Mexico) I was recently fired for “ Failing to Meet Established Standards in food, labor, operational processes, and a lack of team and leadership 
development. The combined under
performance across many metrics has created an operational necessity to change store leadership.” According to them of course

PSA: It’s long lol! 

Before I dive into the details of the situation let me give a backstory of what was going on with my store and I. 

I had been given the position in September of 2024. I was 20 years old. I had a supervisor who was amazing and was doing her absolute best to train and guide me although she was dealing with another store that had no GM. I was doing great, I was showing great numbers and thriving. Until, she got offered another position somewhere else. So then we got a new supervisor (who I was actually rooting for and liked). Once he came in though, everything went south. He lacked the ability to support any of his stores. He was extremely lazy. All around no good. Well, me and two other GMs in the area started noticing all the things he was doing to us. I was getting it worse because he would tell people he doesn’t like me and talk sh*t. (I am an African American lesbian female if that says enough) As much as I knew he sucked at his jobs and didn’t like me I kept it extremely professional. My performance all around went down due to short staffing. I had people just ghosting the job or moving or finding better jobs so I was going through a long patch of being short staffed. (Even in this economy NOBODY wants to work lol) And despite that I was still showing up and still asking for help and still doing everything that I can to keep the store afloat. I had just gotten two foster kids in the midst of it as well. I was begging and begging for help for months until I finally hired an outside AM. This is where everything went downhill EVEN more. 

This guy seemed heaven sent at the moment . I was drowning in everything and he came in like a life boat. He walked into my store with his resume that was just beautiful, almost perfect (red flag lmao)In the moment I went with it, I desperately needed help. Nobody from other stores were offering although I would have incentives if so. So I went with this AM. He had manager experience, I called his references and they were all good, so nothing wrong. Well, we had found paraphernalia (cocaine) in the bathroom that only he was coming in and out of. I had pictures and proof and the moment we found something both my other AM and I reported it my supervisor. (I haven’t been properly trained so I had no clue how to handle situations like this) My supervisor advised us that he would handle it. I assumed this would automatically lead to termination. The issues persisted and continued with my supervisor continuously telling me that he’s handl"
,"Accidentally discovered that my (29M) GF (29F) was replying to texts from her ex. What to do now?

I have been happily in a relationship with my GF for almost 2 years now. 3 days ago my gf was showing me something irrelevant on her insta messages and I saw that her ex (from 2.5 years ago) had been texting her and she had left him on read for 6 weeks.

A little back story. Last January, My ex from 4 years ago, who I broke up with, as I was moving to another far away country and did not want to inflict upon any of us a long distance relationship, texted me happy birthday, some wishes, and nothing else. I kindly thanked her and I let my GF know as she has some trust issues. She asked why am I following her still. Honestly I had not given it much thought as I am not seeking any updates from her, nor do I care. I guess i thought since we amicably broke up and we also used to be in the same group of friends I kept following her. The same is happening also with my ex before that.

My current GF however would not have it and asked me to unfollow her. I asked her to repay the favor and also unfollowed her ex. She also asked me to tell her should my ex ever texts me again. My ex never did since then, and I did not feel the need even to text her on her bday.

Fast forward to now. I find out that my GF's ex who still lives in the same city as us (not halfway around a continent like mine), had reacted to a story of hers and texted her something neutral last December. She had ignored his messages and then he texted her again this March to comment on something related to a music festival and to react to a story of hers. She this time (after 2-3 weeks) texted him back very neutrally and then he replied and she replied again (after 2-3) weeks and so on. As I mentioned above the last messages were unread for 6 weeks. The messages mostly contained some life updates having to do with work and some music concerts (different) each one attended. Small edit: The messages were one strand of conversation spanning over 2-3 months. It was not multiple convos.

A bit of context: This guy, had cheated on my GF when they were together with his ex at the time. So this brings me to several questions. Which I posed at my GF.

\- Why this guy who treated her so badly merited a response?

She said that she didn't want to seem impolite and that she would be holding a grudge however bad person he was.

\- Why did she not tell me about it as we had agreed, adhering to her own rules and being a hypocrite instead?

She said that we were recently fighting and she couldn't bear to bring it up, and when we were well, she didn't want to break the good atmosphere (hence she was aware that that what she was doing was not right and i had to be informed).

Furthermore, in my eyes, she did not give any solution to the problem (even unilateral-like blocking or asking him not to text her). She is extremely intelligent and she probably knew the guy would keep texting her, as we have the December to"
,"My ‘29F’ friend John ‘28M’ kissed me on vacation. Now we pretend it didn’t happen, but I think I’m in love with him

I moved to a big city 3 years ago, across the country, right after my long-term super toxic relationship ended. I needed out from that situation and to start fresh. The first year in the city was the worst time of my life. I went through some things that are hard to talk about. To keep it lighter, let’s say I was drinking heavily at home alone and not being kind to myself. I couldn’t do the work to heal; to be fair I still haven’t, but I don’t feel pain anymore. I feel satisfaction in my life, finally learning and loving how to be alone.

About a year here I said enough is enough and I found an activity to do here where I can be active but also meet people. All the friends I have now I met through that activity. Except for John (fake name)! John was childhood friend with Miles (also fake name) and they had moved together to our big city around the same time I had. Miles became part of the activity where we met, John however was the complete opposite! He was a homebody. Didn’t like to do outside activities other than going out to dinners or bars if he HAD to. He’s the definition of a nerd (in the best way possible) where he spends his free time gaming and doing legos. He’s got a charming and funny personality.

John has never had a girlfriend! He never goes out on dates. He’s satisfied with his life and has told me in the past (long before I felt this way for him) that he doesn’t know if he wants to settle down or if he even knows how to. The past few months I catch myself thinking about him, then I force myself to stop because nothing can ever happen. Because I don’t wanna ruin the friendship.

Until 3 months ago when we took an all-inclusive trip for Miles’s 30th birthday. There was 8 of us. Most of the trip we were drinking and most of the trip I found myself wanting to be with John. I didn’t even know exactly how I felt about him, just knew I wanted to be holding his hands and hug him and hold on to him the whole time. I couldn’t stop myself! So a few nights in, I said I was tired and was going back to the room. John said he was walking me back.

On the way I couldn’t help myself, so I asked him “Are you really that clueless John?” That’s all he needed and he knew exactly what I was talking about. He came to kiss me so strongly the first time, then again and again. The whole walk back to the room. He asked me what I wanted and, what now??? but that moment I froze and didn’t know what to say so I told him that it’s completely up to him and there’s no pressure, whatever the outcome.

The truth is I didn’t know what I wanted! At that very moment it hit me that I didn’t wanna feel pressured on starting a relationship with him just because we knew each other so well, or risk losing our friendship altogether. I didn’t know what I wanted and I panicked and couldn’t answer.

The next 2 days he mentioned (one time a day) asking what I wa"
,"I (21f) squeezed a pimple on my boyfriends (21m) back when he was sleeping. He broke up with me even though I’ve apologized so much. I know I messed up but was this break up worthy after 2 years?

I’m so lost right now because I love him so much and don’t know how I can live without him. We didn’t have a perfect relationship but we always came through disagreements.

For this issue, on Monday I noticed he had a huge blackhead on his back. I love popping zits and usually he doesn’t mind when I do his but when I squeezed it the first time he said that it hurt way too bad and I needed to leave it alone. I sort of teased him about it all week and I honestly thought we were having fun with it. He had a really bad day in school on Thursday and he totally snapped at me that he was tired of my bullshit and to leave him alone. I did listen to him and backed off.

Then yesterday he invited me to sleep over at his place and as soon as I got there he apologized for snapping at me and said that I just caught him when he was in a bad mood.

He fell asleep at like 8pm which I took to mean he really was tired. When I went to bed at 11 I kind of poked him to say goodnight and he didn’t even stir. Then I saw with the way he was laying I had perfect access to the blackhead. I couldn’t help myself so I squeezed and it came out pretty easily and was huge. But he jumped up like he’d been shot. He asked why I did that and it hurt so bad. I joked that he needed to stop being such a baby and wanted to show him what had cone out of his back.

He actually slapped my hand away and told me that he said not to tucking touch it on Tuesday. I said that I thought his apology meant all was forgiven and I could squeeze his zit. He said the apology was for him getting mad at me for me acting so annoying all week not didn’t give me carte Blanche to assault him in his sleep. I told him he was being way too dramatic. He told me that I needed to leave. I told him to please calm down it’s not a big deal. He then demanded I leave so loud his roommate heard and came to the door to see if she needed to intervene. I left.

On the way home he texted me that this week was the final straw in months of him causing more stress than I was worth and he needed a break. I pulled over and called him and asked him to clarify what a break meant. He said if I was going to pressure him then he was breaking up with me. I hung up and immediately started crying harder than I ever have in my life and don’t even remember driving the rest of the way home.

I called him a few times this morning to please give me more of an explanation and he can’t end 2 years of a great relationship over something so silly. He said that the fact those words came out of my mouth proved he made the right choice and he hung up. I think he blocked me now too. I’m devastated.

What can I do here? This was such a minor event to break up over. What can I do to show him that?"
,"UPDATE I (26F) found deleted texts between my bf (36M) and another woman. thoughts?

I'm at the airport now. i packed what I could and called my mom in tears.

I tried to hold it together as much I could but he kept asking me what was wrong. I blew up and I brought up the texts that I found and he immediately turned red in the face. He said they were just friends which didn't help at all. I told him to pull up the texts and I could already see the panic on his face. I grabbed the phone and started scrolling, and I already saw more than enough. Flirting, good morning texts, compliments, I miss you's. oh she's also married with kids. 

He said there was no sexual relations, she's just a friend and it was never anything more, and they hadn't even seen eachother in over 10 years.

that did nothing for me. I packed a few bags and took an Uber to the airport. he followed me there and tried to talk to me at the airport. I told him I'm not coming home with him. He stayed with me for an hour trying to convince me to go with him but I wouldn't. He said he was sorry for everything and left. 

I'm here for 3 hours until my flight. thanks everyone for your advice. I'm hurting."
,"AITA 59F for speaking to my son 37M individually and telling him I’m concerned about some of his wife’s behaviors?

I’m a 59F and I have a son 37M and their daughter my granddaughter who is 4 years old we will call her Maeve, another son 36F, and a daughter 35 F my son is married to my DIL we will call her Sara 35F. My son and Sara have been married 5 years and dated for 9 before that. They are each other’s first relationships. Growing up my son was always a little different and kind of a loner but had a huge gentle heart. My son is head over heels in love with his wife and will do anything for her. I can tell she really loves him too. 

Every year on my son’s birthday I get him a gift and I text my DIL I also get my son a Father’s Day gift bc I am proud of my son being a father and I want to show him some love. Recently I planned a family vacation with my husband and children and bc I don’t have a lot of money I told my son I can afford to pay for him but not his wife. Well recently my son came to me and said his wife is very upset that she is never acknowledged on her bday, Mother’s Day, and that I said I will pay for his portion of the vacation but not her portion. 

He said he will no longer accept gifts from me if I don’t include his wife. She has a bit of a strong personality and like I said earlier my son would do anything for his wife since she was the first person besides me as his mother and his father  of course to really appreciate him for who he is. Him and his brother are complete opposites so they were never close. 

Whenever my son visits me his wife ALWAYS comes and if I ever ask my son to have some one on one mother son time his wife gets highly offended. My son seems happy however I can’t help but my DIL is emotionally abusing my son by isolating him from his family by basically gaslighting my son into thinking somehow he is being disloyal to her by accepting a gift from his own mother and her coming along to every single hangout. I mean my gosh he already gives his wife the world and his attention 98% of the time god forbid he has something that’s between him and his mother. 

His wife spoke to me about it as well and said now that we are married she feels that she should be acknowledged on Mother’s Day, her birthday, and vacations if her husband is. When I explained he is my son and my relationship with him will always be a little different and sometimes I want to do things individually for him and while I care about her a lot as my DIL it will water down my relationship with my son if I treat them exactly the same every time I do something for my son. 

AITA for speaking to my son individually and telling him I’m concerned about some of his wife’s behaviors and this could make me the AH because instead of caring that my DIL’s feelings are hurt I’m doubling down on saying some of her behaviors towards my son are abusive."
,"Need advice for menstrual cup for a first time

I'm 21 and never inserted anything down there. I have medium flow during periods and due to rashes my gynec suggested I start using menstrual cups.

I did some research and for my flow I probably need medium sized cup, but I'm confused if a medium will fit in me or if it'll be painful, should I go for a small one instead and clean it frequently? Any other helpful tips are welcome!"
,"This could be a long series of retail stories dating back to when I was 17...this is still happening and I’m 20 now and no wiser. ~Lotus(20)

*~So this was originally posted to another thread with a link to a social media account so it wouldn’t upload here. So this post is slightly modified but I think it’s much more appropriate for this SubRed. Sorry I’m new...if you feel the need for evidence you can message me privately but true base post is identical. Makes me sad how many people on this thread say “sorry I go on to much” or “hey this doesn’t really belong here” but yet I feel the same way. So um here we go*~

I really hope I don’t get fired for this. 

The story: couple comes into Spencer’s. The woman is alone in our Love section and I ask if she needs help, twice and she dismisses me politely (pretty common with love products), later I find the couple together talking about something else near the section but not relating to the love products and I find a conversation opening to ask what all they have picked out and ask if I can suggest something else and figure out what she’s looking for exactly. I am able to make a personal recommendation (and it’s some point around here that I say “you get familiar with these products being single in college, you’d think it wouldn’t be too hard with the guys but they think if you wanna see them more than once your falling in love with them...which maybe I am but I don’t have to tell them that.”) that is in the same price point, of higher quality, fulfills more needs, and just is plain more aesthetically pleasing, cause I’m awesome at my job not to brag. She’s thanking me and I start rambling about loving my job and being able to help people better understand their own physical needs (because I’m a dork) and they tell me a bit about their relationship. While checking them out they made a funny comment about finances so I asked about it, which was probably over stepping, out of curiosity being naïve to adult relationships and they said they kept finances separate but paid bills together. So I made the comment that my parents are happily married and have both joint and separate accounts. Thought maybe it would give them optimism that it’s normal because the woman seemed upset by the separate finances. Saying “they learned the hard way”.  Well next thing you know I’m cutting tags off their matching tee shirt and their skipping out the door. I would say working at Spencer’s I have a handful of really good and meaningful exchanges a day with guests and they would’ve been one that day. So color me shocked when I got a call a few hours later and the gentleman said they felt a connection and wanted to see me again. I’d been interested and looking at expanded my limited experiences being only twenty years old and it being a year since my cherry was popped so to speak, and a bunch of my friends are in polyamory engagements. I was really anxious and I’ve been in a depressive lull for about a month now but let my cur"
,"I had an abortion. I don’t regret it and have never felt sad or guilty.

I guess I’m writing this because I feel guilty about not feeling guilty. Almost every other woman I’ve seen talk about abortion says it was emotionally difficult and they think about it all the time. I sort of feel like a sociopath because I didn’t feel an ounce of sadness during the procedure and still haven’t in the year since. 

I got pregnant at 19 with someone I was only casual with. (I used plan B, it didn’t work because I’m too fat for it. Wish I’d known that beforehand.)  I had no job, no money, severe mental health issues, and absolutely no way to raise a baby. Not that I ever really had a baby. It wasn’t even visible on ultrasound and never got bigger than a sesame seed. No consciousness, no brain, no capacity to feel pain. Just a tiny organism that had a good chance of miscarrying anyway, as many pregnancies do. 

If I carried on with the pregnancy, my life would be over. The few weeks I was pregnant were very painful and strange, so I can’t imagine doing that for 40ish weeks. My parents would be extremely disappointed, and my extended family would entirely disown me for my blasphemous fornication. I would have to stop taking the multiple medications I need for ADHD and anxiety. I would have to go through BIRTH, one of the most painful things a human can experience.

The Planned Parenthood staff was absolutely wonderful, informative, and understanding. I chose to take the pills since they’re much less invasive than a D&C. I was prepared to have the worst period of my life, and they even had me buy extra strength nausea medication. I chose to take the second pills as suppositories, which I regret now because it takes way longer to kick in. I went 24 hours with no cramps, no bleeding, nothing. I was absolutely shitting bricks. But the bleeding finally came, and it wasn’t even as bad as half my periods. I felt very minimal cramping and no other pain. I didn’t see any embryonic remains since it was still much too small for that. I didn’t even have any clots. The experience was so surprisingly easy and mild.

There was never a single doubt in my mind that I wanted an abortion. The idea of me as a mother is so laughably ridiculous that I can’t even picture it. I never told my parents, but I told my sister and friends. I didn’t need any emotional support or reassurance because I knew I did the right thing. Any child born to me would either live a terrible life or be forced into the foster care system, which I would never allow to happen. So I don’t regret my abortion, I never regretted it, and I can’t tell if there’s something wrong with me. I’ve tried so hard to cry over it and feel something but I just can’t. Maybe it’s the fact that I didn’t love myself or the father, so the embryo seemed like an unholy combination. If anyone can relate I’d love to hear it."
,"[UPDATE] My (26F) fiance (28M) slept with my sister (32F). Heartbroken and devastated. I can't move on.

Hi everyone.

I logged on this afternoon to find 300 + replies and messages to my [post](https://www.reddit.com/r/relationships/comments/3uj509/my_26f_fiance_28m_slept_with_my_sister_32f/). I am unbelievably touched by the all people who reached out to me, particularly /u/fractalfay's incredible response which spoke to me on a level I didn't think possible from a stranger. I'd like to thank each and every single person who took the time out of their day for me; I was so overwhelmed that I've not responded to a single one as of yet but it is truly truly appreciated.  

Now onto the update.

It has only been a day or so since I made my post, but it feels like I'd been in that hotel room for weeks, crying in the dark buried under the covers. At some point this morning, I decided to draw the curtains open and let the sunlight in. I went and sat on the balcony and switched my phone on for the first time. It started ringing within 30 seconds. It was my mother, who burst into tears as soon as I answered. Her and my parents had obviously been desperately worried (this is the longest I have ever gone without contact) and had even contemplated calling the police had I failed to contact them by this evening. 

My mom informed me that as I was walking out of Sara's room, down the stairs, and out the front door, Sara was screaming and wailing that she's sorry. Funnily enough, I didn't hear this. I don't know how. I think I was in such a state of shock that I couldn't process anything around me. Honestly, I can't even remember the drive home. After I shut the door behind me, my mom (who was the only other person at home) rushed into Sara's room to find her trashing her room and attempting to slash her wrists with a blunt lino cutter of all instruments (Sara used to do a lot of art). Obviously, this barely caused a scratch but jump started my mom into action. She drove Sara to the hospital, where I understand she underwent some sort of assessment and was kept overnight. She has, incredibly, agreed to undergo treatment for whatever it is that is wrong with her. My mom was surprised she was so complaisant on the drive down, willingly entering the car and saying nothing other than asking where I am. 

Sara seems resigned and completely deflated; my mom spoke to me at length for the first time in my life about the hardships they had undergone during Sara's childhood. I am unwilling to go into detail and am still in shock about some of the things I heard. Sara is not devoid of responsibility; she has long surpassed the age where she can blame her childhood for her behavior, but my mom admitted through tears that not sending her to therapy at an early age was the biggest regret of her life so far. 

I asked my mom if she knew why I had left; she admitted that she had known SINCE SARA'S EX LEFT TWO MONTHS AGO. At this point, I had to struggle not to hang up and I s"
,"Introduction/I need advice:

Hey, I'm struggling a lot with grief. My miscarriage was early on (supposed to be 9 weeks but my baby stopped growing at 6) it also happened when I was only 19 and I'm 27 now. I never grieved much up until about a week ago. I think it has a lot to do with the fact that I'm newly clean and sober for the longest I've been in years. (Got 25 days of sobriety today) And so I'm facing a lot of trauma that I'd covered up with drugs and alcohol for so long. I also suffer from some severe mental illnesses and seizures, so there's a lot I'm currently going through. 
But here's the advice I need:
-Am I overreacting since it happened a long time ago and I miscarried so early?
-How did you cope/grieve in healthy ways?
-Did anyone here struggle with addiction and had a similar reaction? How did you stay sober when the grief hit you? 
-What are some ways that you honored/still honor your baby? 
-Did anyone here miscarry an unplanned pregnancy or at a young age?
-Did anyone else here receive zero support when it happened?
-Did anyone else on here have a baby daddy who was relieved and didn't care about the loss? (How did you deal with that? Bc it's really messing with my head bc even tho we're no longer together but still friends and I hold a lot of resentment towards him for that) 

-or really any advice/support in general.

Please & thank you!!"
,"AITA for not paying my husband back for our daughters purchase?

I'm not necessarily a stay at home mom but I do have our daughter everyday while I watch 2 other children (they are all 4) so I still make money and pay half the bills. 

I was in the room with my daughter while she was playing a video game, I was folding laundry. I was paying more attention to my laundry and my daughter went to the home screen and selected currency to purchase in a game. This was a 50$ purchase. My husband's card is connected, so he was charged, he gets the notification instantly that his card was charged and comes in the room asking what happened?

I didn't know, since I didn't see, and he explained the charge on his card and realize she made the purchase. He said it's fine, I'll just have to pay him back. I asked why, since it's also his child and he agreed to let her play and he didn't put pin protection on so that this wouldn't happen. He said ""you were the one watching her"". 

I don't think I should have to pay him back for this incident since it was an accident and she's 4 and I wouldn't expect him to pay me back either if the roles were reversed. he's still expecting payment back though. AITA for refusing to pay him back?

Update: he contacted the company and was able to get a refund since she didn't use the currency and he put a pin on it. 
I'd also like to say despite this interaction, we don't generally argue about finances. We both like the way we have it set up, it's worked for us for half a decade. We do split the bills of the house but he also has a car payment for his vehicle that will be mine once it's paid off that I won't have to spend a dime on and he'll get his next vehicle. He also pays for most of our vacations or trips out of town and when we go out to eat etc. If he wants to make a large purchase (over 300$) he talks to me about it first. He's also a great dad and provider, he does a minimum of 50% of the house chores but honestly usually more since he has OCD and he does most of the cooking and meal planning. I'm not sure if an issue like this will come up again either since we have added pins to the device."
,"Has anyone aborted solely because of who the father is?

I’m so confused on what to do. 

I want to keep the baby. I do. I’m working on getting additional income in and I’m saving aggressively right now. I’m also starting a business on the side to generate additional income. 

With that being said, I’m most likely divorcing my partner and I don’t know if I want two children tied to him. 

Has anyone aborted because of the father? Did you decide to keep the baby despite the father"
,"Therapist wants to have s*x with me

I really don't know who to talk to about this. I don't want to get her in trouble. However, this has really messed with my head.

I (40M) started seeing a therapist virtually for issues with my bipolar and sex addiction. The first few sessions were normal. Then during the end of a session she began to ask if I was attracted to her. Of course being a hardcore s*x addict I couldn't help myself and told her I was. 

Then one Sunday morning she texts me out of the blue. Asks me if I'm alone, and we proceed to s*xt and text over the entire afternoon about our personal problems. She brings up the idea of meeting up for an in person encounter. Again, I'm a hardcore s*x addict and I have a really hard time saying no to s*x of any kind....

The following day she texts me early in the morning, and we proceed to have a very intense hours long sexting session. Mutual self exploration all of that. Again she says she wants to meet up. However, hours later she says ""she's not in the right logistical space"" and wants to hold off. That was really hard for me to accept because I felt like I was being offered a fix for my addiction, only to have it ripped away. I told her how much her coming on to me and then changing her mind upset and affected me. She then told me she can't handle me anymore and is done with me.

This whole experience has left me reeling. I feel very anxious and embarrassed and very bad about myself. I don't handle rejection well and for her to act so interested and caring and supportive and then tell me to get lost.... it's really hard. Why did she do this to me?

Advice???


Update -

I appreciate all the support I've received it's helped pull me out of a dark headspace. I guess I shouldn't of used the term sex addiction, however that is what my therapist said and I believed her. Maybe sexual compulsion issues due to bipolar during times of stress would be more accurate. Hypersexuality run amok. I do take some accountability for my role in this.

As far as how I'm going to proceed, I'm going to try to figure out how to explain this all to my wife, and then report the issue. I am resisting a massive urge to contact her and it's been difficult. 

Again thank you for the kind words and support. I cant overstate how much it meant to me.

UPDATE #2 - 

I told my wife what happened. She has been extremely supportive and understanding. We are in the process of reporting this to the state and to the authorities. I do feel better getting this off my chest to her and taking positive steps toward a resolution. Again thank you for the kind words and advice. I really cannot overstate how much it has meant to me and helped me through this extremely difficult situation.

Update #3 -

OPs wife here. I’m glad he talked to me, ty for everyone’s support and encouragement. 

As he mentioned, we are reporting this. I’ve gotten the number and email to a member of the state licensing board and we will be filing a complaint. I talk"
,"For 8 years, I stayed silent.

[removed]"
,"Confused about the porn that gets me off since being assaulted. What’s normal?

[removed]"
,"Cyclogest - how did your MC start

First pregnancy, baby stopped growing around 6w. Expecting official MC diagnosis next week. I'm still on cyclogest (progesterone pessaries). I've had only very light brown bleed the other day, some mild cramps here and there. Pregnancy symptoms disappeared.

I was wondering if any of you were on cyclogest and how your MC started?"
,"Moment of solidarity for Ruth Bader Ginsburg.

If it weren’t for such an impactful woman, I’d probably have a child with my abusive ex. 

Rest In Peace.

Edit: thank you all for your comments. I know we are all scared and concerned for the future, but we must fight for ourselves and future generations. We must not let our fear keep us down. We must turn our fear into passion and determination. We must carry out RBG’s work. Together we can be the change. And we must not forget how important it is to place emphasis on black women in our fight for women’s rights. We must also have emphasis on trans men, nonbinary people, and genderfluid/genderqueer people who aren't cis (thank you u/beniscatcher for bringing my mistake to attention)


All women must have equal access to women’s rights, for we cannot say our job is complete without it. 



We can and we will succeed, together. The future is female."
,"Miscarriage

Hi everyone,

Normally I do not come and post on Reddit, but I thought I would share my story and see if anyone has been in the same situation. According to my app (FLO) I am six weeks and one day pregnant. I have been bleeding since Saturday morning which started as brownish/pink and then turned into bright red and now it’s back to a reddish/pink and tapering off. While I have an emergency OB appointment tomorrow, I went to the ER today to calm my nerves. I believe I am miscarrying and the ER was not able to find anything on the Ultrasound and my HCG is only 6.7. They said that is more than likely a miscarriage, but I could also be 2ish weeks pregnant and that would be why they couldn’t find anything and why my HCG is so low. Has anyone else experienced something like this and went on to have a healthy pregnancy or am I just getting my hopes up when I know deep down it is more than likely a miscarriage. Also, I deeply apologize if anyone has had a miscarriage and I am with you as this is my second miscarriage but third loss. When did anyone start trying again after a miscarriage? I read only it was 3-6 months and after our last one we got pregnant 9 months after to our boy who is now 18 months, but started trying before then."
,"Betrayal Trauma help plz

Are there any ""seasoned"" betrayal trauma survivors here? 

I was diagnosed with CPTSD, then I dealt with cancer, then I suffered a betrayal which hurt me far worse than my childhood and cancer combined.

I am 1.5 years post betrayal, stuck in stage 3 of my betrayal trauma recovery.

I am still experiencing waves / episodes of hurt, and more so anger. The anger is like nothing I have ever experienced. It is the closest thing to torture that I have ever experienced, and I was tortured when I did immunotherapy treatments.

I have spent a small fortune doing clinical ketamine therapy. This helped but trauma cannot be medicated. 

I start EMDR therapy next week and I'm really hoping and praying this is going to help me find a resolve to my pain ."
,"This brought a lump to my throat..

[https://youtu.be/eWhfbxCluyE](https://youtu.be/eWhfbxCluyE)

We need more of this; in every city, town or village."
,"HCG 149000 - how long to go back?

At 8w3d I found out my baby no longer had a heart beat and hadn’t grown since I’d had an ultrasound at 6w6d and it was small / 88bpm. However, when they did my hcg levels prior to my d&c, my hcg levels were over 149000. I know that they need to go back down but I haven’t seen anyone have anything this high… anybody have a similar level or any idea how long for it to go back down? I’ll be getting checked again in October at my post op and ask questions then but just curious before that."
,"Me [33M] with my[25F] 5 Year - I screwed up (details inside) and need advice.

As the title states I have been together with my girlfriend for roughly 5 years, minus the past month when we've been broken up because I'm an idiot.

For most of the relationship I had emotionally not been honest with her. I thought I had feelings for this other woman that lived in another state. After she caught me in a lie I've come full circle and realized how stupid and childish I am/was. Also, I used to seek out seek out sexual release on here (again cheating). 

I'm not that person anymore and I want to show her that I've changed, that I'm more honest and responsible. She tell's me to prove it, but I don't know how? Reddit, how do I show her? How I show her and not just tell her that I'm not that person anymore? 

  ---   
**tl;dr**: Was douche-canoe, cheated and now I want to fix things but don't know how. Help? 

**Edit:** Thanks for the advice so far. She called me lazy (and stupid) because I haven't tried to fix things or show/prove her that I've made and put forth any effort; when it's more that I just don't know how than I haven't tried."
,"Am I emotional and selfish or is my husband’s plan unfair?

Please be honest with me, I actually don’t know when I’m overreacting and just being emotional these days.

Long story short, my husband’s family have been season ticket holders for their favourite team for 25 years now. The same two seats have been in the family since 2000, and they’re very special to them (which TRUST ME, I get). Since we got married 3 years ago, we’ve been paying for half so that we could go to around half of all games (30ish games, $800ish). After baby #1 in 2023, I just dealt with the absences and tried to bring babe to a few games. 

Next season starts in October, 1 month before I’m due with baby #2. So I will be heavily pregnant and then we’ll have BASICALLY 2 under 2, just shy, until the season ends in May. 

This alone wouldn’t be a HUGE issue, I can handle both for one or two events a week, but… we just moved an hour away. So he is planning to sleep over at his parents for those nights. We only have the one car, so I’m particularly worried about the first few weeks postpartum. Plus, we just bought a house. Budget is TIGHT, and he’s already gone way over budget for his man cave. He also just needed to buy a new phone, so finances are a big concern for me too. 

Am I completely selfish for thinking he needs to let the tickets go this year? His dad is loaded and can buy them, but we wouldn’t be entitled to any games. I frustratedly said that’s fine, he shouldn’t be going multiple times a week to games while I’m freshly postpartum with no other family around. 

Thoughts, please?"
,"I'm scared. I'm so sad. This is my first pregnancy and I don't want to do this. I have no one to talk to and I have no choice. (24f)

I'm scared. I'm ashamed. I am roughly one month along, and have made my appointment for Monday. I have no one to talk to this about but my partner, who doesn't quite understand how I feel. I have always been an advocate for abortion, but never thought I'd have to have one. I have been majorly depressed and cannot stop struggling with this choice but it is truly my only option. I don't want to say goodbye. I love children and have made my role in life to always protect them. I work with children with special needs and have fallen in love every single child i've ever met. But I know I'm in no place to do this for them. It's not their time with me. I'm so so sorry, little one. I hope you make your way back to me, although you're nothing but tissue now, I know you would have been something great. I can't afford to take care of myself most days and I won't let you suffer hunger, sadness, loneliness because of my unreadiness. Next time, I will be ready, little one, and you will NEVER go without, never without love, happiness, and contentment."
,"I've been telling people at work that I'm a Leo (I'm not) in an attempt to create a long-con prank to prove to them that astrology is utter bullshit, but my plan is getting out of hand and I don't think I can follow through on my big reveal

I think astrology is one of the dumbest, most unscientific things you could possibly believe in. Honestly, I would judge someone less for believing that the earth is flat or being a scientologist. At least Scientology has an established lore of writing created by a limited number of people, whereas apparently anyone can write horoscopes for any small-town newspaper and people will still follow their local little blurb's advice.

Anyway, there's a group of co-workers at my job who are way into astrology. They're always talking about signs and compatibility (""it didn't work out because he's a Gemini"" etc). Sometimes they talk about people at work and their personality traits based on their signs. When they asked me, I told them a fake birthday without even knowing the sign associated with it. It turns out, that, based on this information, I'm a Leo. They practically fell all over themselves telling me how much sense that made. ""You have such a creative spirit!"" or ""you're so generous!"" or (my favorite) ""You're so VITAL"" (wtf). We're all pretty friendly with each other so I thought it would be kind of funny to do this and then reveal to them later that I'm not a Leo at all to see how they reacted and covered for themselves to justify their ongoing belief in magic star influences.

Well, unfortunately, one of my bosses seems to believe that me being a Leo makes me uniquely suited to work on various projects and I've actually landed on some good opportunities because of it. After a presentation to clients, I was recently told that my Leo spirit was really carrying the team through such a difficult deadline. Now I'm genuinely worried that someone is going to figure out my real birthday (I work for a big company that has my real birthday in the system and there's a chance that some weird auto-generated public email or post somewhere will congratulate the October birthdays or something). I am basically caught up in a lie that's based on nonsense to begin with and I'm really confused about what to do. I will probably never tell anyone at work this information, so I figured I'd tell a bunch of strangers on the Internet in the hopes that I don't get found out and have some kind of weird disciplinary action taken. Imagine my boss firing me for pretending to be a Leo? That's SUCH a Pisces thing to do. KIDDING. (help)

EDIT: I am absolutely loving people saying ""That's such a libra thing to do"" or ""it's just like a libra to get into situations like this."" I said I was born in October but didn't specify the date. I'm not a libra either.

EDIT 2: People who are defending astrology by telling me that it's much more complicated than just your birthdate, and then proceeding to explain detailed nonsense about the movement of the"
,"My (33f) boyfriend (27m) texted other girls and flirted with them because he thought I was doing the same

Two nights ago I found texts to multiple girls on my boyfriend’s phone. We have been together about a year now. A few days prior to this, he asked to see my phone for something. I was watching a YouTube video so I said hold on one second let me close this out. He lost it. He claimed I was closing apps and trying to hide things from him and accused me of talking to other guys. He made me feel terrible about it for days and said he lost trust in me. I’ve never texted any guys during our entire relationship and never even had the thought to. Fast forward to two nights ago, I was looking over at his phone and saw a girls name that I’ve never seen before. After reading through the messages I also found 2 other girls he was texting as well. All messaged two days after he got upset with me. The messages were definitely flirty, he was asking for pictures and talking about when they used to sleep together. When I confronted him about it he said “well I thought you were doing the same thing and I was so mad at you, I handled it all wrong” he apologized over and over, said it was the biggest mistake he’s ever made and it would never happen again etc etc. So now I find myself in this place where I don’t even want to look at him. I’m angry, then sad, then mad and can’t shake the feeling that I’ll never see him the same again. It’s obvious more than ever now that he has trust issues, but we’ve never had any issues with trust until this phone incident. So I guess my question is, is this even considered cheating (because when I said it was, he said I was being over dramatic and it wasn’t) and would you even give someone a second chance after this?"
,"I just accidentally had sex with a prostitute and couldn't pay. I'm scared, please give advice!

TW: Explicit sexual details.





TLDR; I met a girl on tinder, didn't know she was a prostitute, I couldn't pay, we drove around town looking for an ATM. I couldn't pay so they took some fancy hand soap and left. I don't know if they will come back to hurt me, and I'm scared to go to the police. I need help.


I'm in a new city; Maputo, Mozambique to be specific. I have tinder, so I decided to see if I could meet a girl and possibly hook up. I matched with a girl, who had several pictures of herself, and a realistic sounding description. We messaged back and forth, and she agreed to come over and we would hook up. I messaged her asking if she was a prostitute, and she said no. So I thought, all good. Unfortunately they later made me delete the conversation/match, so I don't have screenshots.


She shows up at my hotel, and has her friend with her. The friend comes in and we have a threesome. They gave me oral sex without a condom, and we had sex with a condom on, different condoms for each girl.  After we finish, they asked ""What about the money?"" I got mad because they said they weren't prostitutes, and I hadn't had time to convert my South African Rand to Mozambique currency yet. I gave them what I had in Rands, which was about R250. They said it wasn't enough, and wanted 10,000 mts. I have just about that left in the bank, so they told me to walk with them to an ATM. But something was wrong with my card, because we tried several ATM's and I couldn't get the cash out. We got into a car with two other people, a guy and a girl, and they said they would drive me to the bank. I kept trying to ask if they would hurt me, but I don't speak portuguese and they don't speak english. I got them to use my phone for google translate, and they said they would not hurt me, but they wanted cash. 

We got to the bank and I discovered my credit card is missing. We went back to the hotel, ATMs, and all over looking for it, but I couldn't find it. We eventually went back to my room, and the girl that I was with said via Google translate that all would be forgiven, no debts, and they would leave me alone if I fucked her. So I tried to do that, but I couldn't get an erection. She showed me a google translate message that said ""better achieve,"" but that just scared me more and made it even harder for me to get hard.

She gave up after a while, and said over google translate that she wants my perfume. I don't have perfume, so she took the hotel's hand soap with her. I asked her if there was anything else she wanted, and she pointed at my laptop. I figured that laptop is not worth playing with my life so I handed it over. She motioned for me to open it and log in, so I did. My computer froze just then, and I started trying to fix it. While I was trying to fix it, she made a ""never mind"" gesture and left. 

Now I'm alone at the hotel, with my locked door, and really hoping "
,"My Girlfriends physicality makes me uncomfortable

Newish account for privacy.

I don’t know how this is going to go over, no one in my real life would get this at all so here goes.

My GF (F32) and me (M23) have been dating for about two years now, living together for one. We both work good jobs, have good social circles, it’s all very ideal, dreamlike even. For a bit of rough context, I am quite tall but have never been strong in any sense. I’m a complete string bean, never lift weights, anything like that. My GF is the opposite, very short but strong. Goes to the gym, and is just naturally built very thick. Big thighs, quads, biceps. Whole deal.

The first year was really really good. When we moved in things started to get interesting. It was little things at first. I still remember how funny she found the first time we were play wrestling and she realized she could hold me down and I actually couldn’t get her off. She was so pleased with herself. I thought it was funny too. I’ve always been able to laugh at myself, and not being traditionally strong was something I knew I had to laugh about with others or it would tear me down.

Soon she wanted to wrestle more and more. I couldn’t win. She was able to beat me every time. Again, I didn’t mind.

We have an agreement that whoever makes dinner, the other does the dishes. One night I forgot to do the dishes and began playing my video games. She came up alongside me while I was sitting and put me in a full headlock. She then stood me up and walked me to the sink, me still crushed in her bicep. She asked why the dishes weren’t done, I said I forgot, she laughed and told me to do them. And I did.

That was the start of a change in our dynamic. Slowly but surely more small things popped up like that. If I missed a laundry load, headlock until I cried uncle. Forgot to take the trash out? Crushed by thighs until I cried. All while she smiled or laughed under the guise of it being fun and games. But I was starting to not feel the same.

Then came the sx. Sx is no longer a mutually agreed upon concept. It is to take place when she wants, how she wants. Never with me in any sort of position that could be remotely considered in control. Even a few times I begged to not do have a particular act done to me, didn’t matter. It was happening. If she had a bad day at work, even worse.

Now my friends would laugh and say “oh poor you, you’re having s*x and playing around with her” but it’s not about what necessarily, it’s about why and how. Like essentially I’m being “punished” like a kid on a playground. And I left lots of detail out to keep things brief, but it goes further than this.

This has heightened and continues to get more extreme day by day over the last 6 months. I’ve verbalized a few times how certain things make me uncomfortable and it’s always meant with a laugh and a brush off. I’m just confused and don’t know how to react, if I should at all. It’s left me feeling uncomfortable but I’m not sure if "
,"Triploidy

Got my genetic results back today after a 9w loss— it was a XXX Triploidy. My OB is concerned that this is often associated with a partial molar pregnancy. The pathology results came back clear from the d&c, but she is going to reach back out to the pathologist to confirm there was no concern for molar tissue. She wants to wait until then to start ttc again. 

My home pregnancy test was negative almost two weeks ago and my HCG blood test today was 2.5. Is that low enough? My HCG from a chemical pregnancy earlier this year went down to 0.6. 

If it was partial molar is there anything else I need to be concerned about given that my HCG is decreasing okay? She didn’t give me a ton of information and I’m afraid she was just trying not to scare me. 

Has anyone else had a Triploidy loss that wasn’t molar? Or if it was molar did things turn out okay for you? I feel like I’m having a hard to looking up information on this."
,"Urgent help needed regarding abortion

Hello guys! 
My friend is 6 weeks pregnant and she got to know 7 days ago. We live in portugal where abortion is legal but it is THE WORSE process here!!!! You can only abort before 10 weeks not after that. she went to 15 different clinics and all of them refused to do the procedure. 

Then she went to health centre and they registered her case of terminating the pregnancy and gave her 2-3 prescription which included ultrasound and blood tests. 
She went to each and every clinic in lisbon for the ultrasound and all of them said we are booked even the private ones. We are not Portuguese so we have also faced A LOT of racism due to language. 
Somehow she got an appointment for blood tests only and they said they can only give the results after 7 days!!!! Who gives blood tests results after 7 days when its an emergency situation? 
She hqs just entered her 7th week. She is so so worried and cries all the time, ALL THE TIME!!!  Not even the private clinics are helping. 
So now somehow i am arrangin tablets for her, mifepristone and misoprostol tablets. But she is confused that if she should wait and let the health center treat or she should take the tablets?? Because its already her 7th week. 
Please someone tell what she should do??"
