size_k,itemset,count
2,"('Mental Health', 'Pregnancy')",905
2,"('Medical', 'Pregnancy')",702
2,"('Abuse', 'Mental Health')",639
2,"('Medical', 'Mental Health')",588
2,"('Mental Health', 'Sexual')",270
2,"('Abuse', 'Sexual')",249
2,"('Discrimination', 'Mental Health')",171
2,"('Discrimination', 'Pregnancy')",122
2,"('Abuse', 'Pregnancy')",119
2,"('Abuse', 'Discrimination')",95
2,"('Discrimination', 'Medical')",81
2,"('Abuse', 'Aggression')",80
2,"('Aggression', 'Mental Health')",78
2,"('Pregnancy', 'Sexual')",67
2,"('Abuse', 'Medical')",61
2,"('Medical', 'Sexual')",49
2,"('Aggression', 'Sexual')",36
2,"('Discrimination', 'Sexual')",28
2,"('Aggression', 'Pregnancy')",18
2,"('Aggression', 'Discrimination')",17
2,"('Aggression', 'Medical')",7
2,"('Mental Health', 'Not Applicable')",1
2,"('Not Applicable', 'Pregnancy')",1
3,"('Medical', 'Mental Health', 'Pregnancy')",561
3,"('Abuse', 'Mental Health', 'Sexual')",238
3,"('Abuse', 'Mental Health', 'Pregnancy')",115
3,"('Discrimination', 'Mental Health', 'Pregnancy')",110
3,"('Abuse', 'Discrimination', 'Mental Health')",91
3,"('Abuse', 'Aggression', 'Mental Health')",77
3,"('Discrimination', 'Medical', 'Pregnancy')",76
3,"('Discrimination', 'Medical', 'Mental Health')",73
3,"('Abuse', 'Medical', 'Mental Health')",60
3,"('Mental Health', 'Pregnancy', 'Sexual')",57
3,"('Abuse', 'Medical', 'Pregnancy')",46
3,"('Medical', 'Mental Health', 'Sexual')",41
3,"('Medical', 'Pregnancy', 'Sexual')",40
3,"('Abuse', 'Aggression', 'Sexual')",36
3,"('Aggression', 'Mental Health', 'Sexual')",36
3,"('Abuse', 'Discrimination', 'Pregnancy')",32
3,"('Discrimination', 'Mental Health', 'Sexual')",27
3,"('Abuse', 'Pregnancy', 'Sexual')",26
3,"('Abuse', 'Medical', 'Sexual')",22
3,"('Abuse', 'Discrimination', 'Sexual')",21
3,"('Abuse', 'Discrimination', 'Medical')",20
3,"('Aggression', 'Mental Health', 'Pregnancy')",18
3,"('Abuse', 'Aggression', 'Pregnancy')",17
3,"('Aggression', 'Discrimination', 'Mental Health')",17
3,"('Abuse', 'Aggression', 'Discrimination')",16
3,"('Discrimination', 'Pregnancy', 'Sexual')",11
3,"('Discrimination', 'Medical', 'Sexual')",10
3,"('Aggression', 'Discrimination', 'Pregnancy')",8
3,"('Abuse', 'Aggression', 'Medical')",7
3,"('Aggression', 'Medical', 'Mental Health')",7
3,"('Aggression', 'Pregnancy', 'Sexual')",5
3,"('Aggression', 'Discrimination', 'Sexual')",5
3,"('Aggression', 'Medical', 'Sexual')",4
3,"('Aggression', 'Discrimination', 'Medical')",3
3,"('Aggression', 'Medical', 'Pregnancy')",2
3,"('Mental Health', 'Not Applicable', 'Pregnancy')",1
4,"('Discrimination', 'Medical', 'Mental Health', 'Pregnancy')",68
4,"('Abuse', 'Medical', 'Mental Health', 'Pregnancy')",45
4,"('Abuse', 'Aggression', 'Mental Health', 'Sexual')",36
4,"('Medical', 'Mental Health', 'Pregnancy', 'Sexual')",32
4,"('Abuse', 'Discrimination', 'Mental Health', 'Pregnancy')",30
4,"('Abuse', 'Mental Health', 'Pregnancy', 'Sexual')",26
4,"('Abuse', 'Medical', 'Mental Health', 'Sexual')",22
4,"('Abuse', 'Discrimination', 'Mental Health', 'Sexual')",21
4,"('Abuse', 'Discrimination', 'Medical', 'Mental Health')",20
4,"('Abuse', 'Aggression', 'Mental Health', 'Pregnancy')",17
4,"('Abuse', 'Aggression', 'Discrimination', 'Mental Health')",16
4,"('Abuse', 'Discrimination', 'Medical', 'Pregnancy')",15
4,"('Abuse', 'Medical', 'Pregnancy', 'Sexual')",13
4,"('Discrimination', 'Mental Health', 'Pregnancy', 'Sexual')",10
4,"('Discrimination', 'Medical', 'Mental Health', 'Sexual')",9
4,"('Discrimination', 'Medical', 'Pregnancy', 'Sexual')",8
4,"('Aggression', 'Discrimination', 'Mental Health', 'Pregnancy')",8
4,"('Abuse', 'Aggression', 'Medical', 'Mental Health')",7
4,"('Abuse', 'Aggression', 'Discrimination', 'Pregnancy')",7
4,"('Abuse', 'Aggression', 'Pregnancy', 'Sexual')",5
4,"('Aggression', 'Mental Health', 'Pregnancy', 'Sexual')",5
4,"('Abuse', 'Aggression', 'Discrimination', 'Sexual')",5
4,"('Aggression', 'Discrimination', 'Mental Health', 'Sexual')",5
4,"('Abuse', 'Discrimination', 'Medical', 'Sexual')",5
4,"('Abuse', 'Aggression', 'Medical', 'Sexual')",4
4,"('Aggression', 'Medical', 'Mental Health', 'Sexual')",4
4,"('Abuse', 'Discrimination', 'Pregnancy', 'Sexual')",4
4,"('Abuse', 'Aggression', 'Discrimination', 'Medical')",3
4,"('Aggression', 'Discrimination', 'Medical', 'Mental Health')",3
4,"('Abuse', 'Aggression', 'Medical', 'Pregnancy')",2
4,"('Aggression', 'Discrimination', 'Medical', 'Pregnancy')",2
4,"('Aggression', 'Medical', 'Mental Health', 'Pregnancy')",2
4,"('Aggression', 'Discrimination', 'Medical', 'Sexual')",1
5,"('Abuse', 'Discrimination', 'Medical', 'Mental Health', 'Pregnancy')",15
5,"('Abuse', 'Medical', 'Mental Health', 'Pregnancy', 'Sexual')",13
5,"('Discrimination', 'Medical', 'Mental Health', 'Pregnancy', 'Sexual')",7
5,"('Abuse', 'Aggression', 'Discrimination', 'Mental Health', 'Pregnancy')",7
5,"('Abuse', 'Aggression', 'Mental Health', 'Pregnancy', 'Sexual')",5
5,"('Abuse', 'Aggression', 'Discrimination', 'Mental Health', 'Sexual')",5
5,"('Abuse', 'Discrimination', 'Medical', 'Mental Health', 'Sexual')",5
5,"('Abuse', 'Aggression', 'Medical', 'Mental Health', 'Sexual')",4
5,"('Abuse', 'Discrimination', 'Mental Health', 'Pregnancy', 'Sexual')",4
5,"('Abuse', 'Discrimination', 'Medical', 'Pregnancy', 'Sexual')",3
5,"('Abuse', 'Aggression', 'Discrimination', 'Medical', 'Mental Health')",3
5,"('Abuse', 'Aggression', 'Discrimination', 'Medical', 'Pregnancy')",2
5,"('Abuse', 'Aggression', 'Medical', 'Mental Health', 'Pregnancy')",2
5,"('Aggression', 'Discrimination', 'Medical', 'Mental Health', 'Pregnancy')",2
5,"('Abuse', 'Aggression', 'Discrimination', 'Medical', 'Sexual')",1
5,"('Aggression', 'Discrimination', 'Medical', 'Mental Health', 'Sexual')",1
6,"('Abuse', 'Discrimination', 'Medical', 'Mental Health', 'Pregnancy', 'Sexual')",3
6,"('Abuse', 'Aggression', 'Discrimination', 'Medical', 'Mental Health', 'Pregnancy')",2
6,"('Abuse', 'Aggression', 'Discrimination', 'Medical', 'Mental Health', 'Sexual')",1
