Tags_list,Care_norm,Fairness_norm,Loyalty_norm,Authority_norm,Sanctity_norm
Abuse,0.007907110181930027,0.006185411107110372,0.005936374115145363,0.005491578175259902,0.005621956019250804
Aggression,0.007873348103156375,0.006169239015441694,0.005908436643151567,0.005522206163515012,0.005556035563270233
Discrimination,0.007757154038988876,0.006084945588298082,0.005812371212295745,0.005376284282625002,0.005279537581227641
Medical,0.006469054531018853,0.004699577985752368,0.004395044027733361,0.004067623983321863,0.0037618823246500952
Mental Health,0.007257767128648223,0.0055490828551822595,0.0053629195123202425,0.004899251220629714,0.0047521598883619775
Not Applicable,0.007773703440631304,0.006400055352797072,0.006057900173318547,0.005632574923267359,0.005491222056975221
Pregnancy,0.006743378167309029,0.005046143016525046,0.004863015710587692,0.004425210717512472,0.004141041672151816
Sexual,0.006827192107154288,0.0054131215107682575,0.0052091850307388375,0.004876416772097713,0.004784123182230353
nan,0.005730644972408997,0.003427457369982069,0.004078393796692308,0.0037338522923108307,0.003928340159448486
