PostIndex,TrueLabels,PredictedLabels,Precision,Recall,F1
1,"['Medical', 'Pregnancy', 'Sexual']","['Medical', 'Mental Health', 'Pregnancy']",0.667,0.667,0.667
2,"['Medical', 'Mental Health', 'Pregnancy']","['Discrimination', 'Medical', 'Mental Health', 'Pregnancy']",0.75,1.0,0.857
3,"['Discrimination', 'Pregnancy']","['Discrimination', 'Pregnancy']",1.0,1.0,1.0
4,"['Medical', 'Pregnancy']","['Medical', 'Pregnancy']",1.0,1.0,1.0
5,"['Mental Health', 'Pregnancy']","['Medical', 'Mental Health', 'Pregnancy']",0.667,1.0,0.8
6,"['Pregnancy', 'Sexual']","['Medical', 'Pregnancy']",0.5,0.5,0.5
7,"['Mental Health', 'Pregnancy']","['Medical', 'Mental Health', 'Pregnancy']",0.667,1.0,0.8
8,"['Medical', 'Pregnancy']","['Medical', 'Pregnancy']",1.0,1.0,1.0
9,"['Abuse', 'Discrimination', 'Mental Health', 'Pregnancy']","['Discrimination', 'Medical', 'Mental Health', 'Pregnancy']",0.75,0.75,0.75
10,"['Mental Health', 'Pregnancy']","['Mental Health', 'Pregnancy']",1.0,1.0,1.0
11,"['Medical', 'Pregnancy']","['Medical', 'Mental Health', 'Pregnancy']",0.667,1.0,0.8
12,"['Medical', 'Pregnancy']","['Medical', 'Pregnancy']",1.0,1.0,1.0
13,"['Abuse', 'Mental Health', 'Pregnancy']","['Discrimination', 'Mental Health', 'Pregnancy']",0.667,0.667,0.667
14,['Pregnancy'],"['Abuse', 'Discrimination', 'Medical', 'Mental Health', 'Pregnancy']",0.2,1.0,0.333
15,"['Medical', 'Pregnancy']","['Medical', 'Mental Health', 'Pregnancy']",0.667,1.0,0.8
16,"['Medical', 'Mental Health', 'Pregnancy']","['Medical', 'Mental Health', 'Pregnancy']",1.0,1.0,1.0
17,"['Medical', 'Pregnancy']","['Medical', 'Mental Health', 'Pregnancy']",0.667,1.0,0.8
18,"['Medical', 'Pregnancy']","['Medical', 'Pregnancy']",1.0,1.0,1.0
19,"['Mental Health', 'Pregnancy']","['Discrimination', 'Mental Health', 'Pregnancy']",0.667,1.0,0.8
20,['Pregnancy'],"['Abuse', 'Discrimination', 'Mental Health', 'Pregnancy']",0.25,1.0,0.4
21,"['Mental Health', 'Pregnancy']","['Medical', 'Mental Health', 'Pregnancy']",0.667,1.0,0.8
22,"['Medical', 'Pregnancy']","['Medical', 'Pregnancy']",1.0,1.0,1.0
23,"['Abuse', 'Pregnancy', 'Sexual']","['Abuse', 'Aggression', 'Discrimination', 'Mental Health', 'Pregnancy']",0.4,0.667,0.5
24,"['Medical', 'Pregnancy', 'Sexual']","['Medical', 'Pregnancy', 'Sexual']",1.0,1.0,1.0
25,"['Mental Health', 'Pregnancy']","['Medical', 'Mental Health', 'Pregnancy']",0.667,1.0,0.8
26,"['Medical', 'Pregnancy']","['Mental Health', 'Pregnancy']",0.5,0.5,0.5
27,"['Mental Health', 'Pregnancy']","['Medical', 'Mental Health', 'Pregnancy']",0.667,1.0,0.8
28,"['Medical', 'Mental Health', 'Pregnancy']","['Medical', 'Mental Health', 'Pregnancy']",1.0,1.0,1.0
29,"['Medical', 'Pregnancy']","['Medical', 'Mental Health', 'Pregnancy']",0.667,1.0,0.8
30,"['Abuse', 'Mental Health', 'Pregnancy']","['Abuse', 'Mental Health', 'Pregnancy']",1.0,1.0,1.0
31,"['Discrimination', 'Mental Health', 'Pregnancy']","['Discrimination', 'Mental Health', 'Pregnancy']",1.0,1.0,1.0
32,"['Medical', 'Mental Health', 'Pregnancy']","['Mental Health', 'Pregnancy']",1.0,0.667,0.8
33,"['Mental Health', 'Pregnancy']","['Discrimination', 'Mental Health', 'Pregnancy']",0.667,1.0,0.8
34,"['Medical', 'Mental Health', 'Pregnancy']","['Medical', 'Mental Health', 'Pregnancy']",1.0,1.0,1.0
35,"['Medical', 'Mental Health', 'Pregnancy']","['Medical', 'Mental Health', 'Pregnancy']",1.0,1.0,1.0
36,"['Medical', 'Mental Health', 'Pregnancy']","['Medical', 'Mental Health', 'Pregnancy']",1.0,1.0,1.0
37,"['Medical', 'Mental Health', 'Pregnancy']","['Medical', 'Mental Health', 'Pregnancy']",1.0,1.0,1.0
38,"['Abuse', 'Mental Health', 'Pregnancy']","['Medical', 'Mental Health', 'Pregnancy']",0.667,0.667,0.667
39,"['Abuse', 'Medical', 'Mental Health', 'Pregnancy', 'Sexual']","['Abuse', 'Aggression', 'Discrimination', 'Medical', 'Mental Health', 'Pregnancy', 'Sexual']",0.714,1.0,0.833
40,"['Abuse', 'Mental Health', 'Pregnancy']","['Abuse', 'Aggression', 'Medical', 'Mental Health', 'Pregnancy']",0.6,1.0,0.75
41,"['Abuse', 'Mental Health', 'Pregnancy']","['Abuse', 'Mental Health', 'Pregnancy']",1.0,1.0,1.0
42,"['Abuse', 'Mental Health', 'Pregnancy']","['Mental Health', 'Pregnancy']",1.0,0.667,0.8
43,"['Abuse', 'Medical', 'Mental Health', 'Pregnancy', 'Sexual']","['Abuse', 'Aggression', 'Medical', 'Mental Health', 'Pregnancy', 'Sexual']",0.833,1.0,0.909
44,"['Abuse', 'Mental Health', 'Pregnancy']","['Abuse', 'Aggression', 'Mental Health', 'Pregnancy']",0.75,1.0,0.857
45,"['Medical', 'Mental Health', 'Pregnancy']","['Mental Health', 'Pregnancy']",1.0,0.667,0.8
46,['Not Applicable'],"['Abuse', 'Discrimination', 'Mental Health', 'Pregnancy']",0.0,0.0,0.0
47,"['Medical', 'Mental Health', 'Pregnancy']","['Discrimination', 'Medical', 'Mental Health', 'Pregnancy']",0.75,1.0,0.857
48,"['Medical', 'Mental Health', 'Pregnancy']","['Medical', 'Mental Health', 'Pregnancy']",1.0,1.0,1.0
49,"['Medical', 'Pregnancy']",['Medical'],1.0,0.5,0.667
50,['Not Applicable'],"['Discrimination', 'Medical', 'Mental Health', 'Pregnancy']",0.0,0.0,0.0
51,"['Abuse', 'Mental Health']","['Abuse', 'Mental Health']",1.0,1.0,1.0
52,"['Abuse', 'Mental Health']","['Abuse', 'Aggression', 'Mental Health']",0.667,1.0,0.8
53,"['Abuse', 'Mental Health']","['Abuse', 'Aggression', 'Mental Health']",0.667,1.0,0.8
54,"['Abuse', 'Mental Health', 'Sexual']","['Abuse', 'Mental Health']",1.0,0.667,0.8
55,"['Abuse', 'Aggression', 'Mental Health']","['Abuse', 'Aggression', 'Mental Health', 'Sexual']",0.75,1.0,0.857
56,"['Abuse', 'Mental Health']","['Abuse', 'Mental Health', 'Sexual']",0.667,1.0,0.8
57,"['Abuse', 'Mental Health', 'Sexual']","['Abuse', 'Discrimination', 'Mental Health']",0.667,0.667,0.667
58,"['Abuse', 'Discrimination', 'Mental Health']",['Abuse'],1.0,0.333,0.5
59,"['Abuse', 'Mental Health', 'Sexual']","['Abuse', 'Mental Health']",1.0,0.667,0.8
60,"['Abuse', 'Mental Health']","['Abuse', 'Mental Health']",1.0,1.0,1.0
61,"['Abuse', 'Discrimination', 'Mental Health']","['Abuse', 'Discrimination', 'Mental Health']",1.0,1.0,1.0
62,"['Abuse', 'Aggression', 'Discrimination', 'Mental Health', 'Sexual']","['Abuse', 'Aggression', 'Mental Health']",1.0,0.6,0.75
63,['Mental Health'],"['Mental Health', 'Sexual']",0.5,1.0,0.667
64,"['Abuse', 'Mental Health']","['Abuse', 'Aggression', 'Mental Health']",0.667,1.0,0.8
65,['Mental Health'],"['Abuse', 'Mental Health']",0.5,1.0,0.667
66,"['Abuse', 'Mental Health']","['Abuse', 'Mental Health']",1.0,1.0,1.0
67,"['Abuse', 'Aggression', 'Discrimination', 'Mental Health']","['Abuse', 'Aggression', 'Discrimination', 'Mental Health']",1.0,1.0,1.0
68,"['Abuse', 'Mental Health', 'Sexual']","['Abuse', 'Mental Health', 'Sexual']",1.0,1.0,1.0
69,"['Abuse', 'Mental Health']","['Abuse', 'Aggression', 'Mental Health']",0.667,1.0,0.8
70,"['Abuse', 'Mental Health']","['Abuse', 'Mental Health']",1.0,1.0,1.0
71,"['Abuse', 'Sexual']","['Abuse', 'Mental Health']",0.5,0.5,0.5
72,"['Abuse', 'Mental Health']","['Abuse', 'Mental Health']",1.0,1.0,1.0
73,"['Abuse', 'Mental Health', 'Sexual']","['Abuse', 'Mental Health']",1.0,0.667,0.8
74,"['Abuse', 'Discrimination', 'Mental Health']","['Abuse', 'Discrimination', 'Mental Health']",1.0,1.0,1.0
75,['Abuse'],"['Abuse', 'Mental Health']",0.5,1.0,0.667
Macro-Avg,,,0.788,0.88,0.808
Micro-Avg,,,0.753,0.882,0.813
