Preview,TrueSet,PredSet,FP,FN,MaxPPL,MeanPPL_All,MeanPPL_YesOnly,PPL_ByLabel
People in careers meant to help people .... taking advantage My ex landlord told me he would rent to me because no one else would because my eviction was not 5 years old. He invited me over to the house to sign my lease …,"{'Mental Health', 'Abuse'}","{'Pregnancy', 'Abuse', 'Mental Health'}",['Pregnancy'],[],2.0000059642826797,1.2022099244834443,1.0037116559373018,"{'Medical': 1.0000003128163746, 'Mental Health': 1.0111109780889553, 'Abuse': 1.0000066306326245, 'Aggression': 1.000000432020081, 'Sexual': 2.0000059642826793, 'Discrimination': 1.6065354988590745, 'Pregnancy': 1.0000173590903254, 'Not Applicable': 1.0000022200774399}"
planning to go to the OB for the first time ever. what should I say? I am from the Philippines where abortion is illegal and now 25 days post MA from WOW. I want to go to the OB for the first time in my life for a consul…,"{'Medical', 'Pregnancy'}","{'Medical', 'Pregnancy', 'Discrimination'}",['Discrimination'],[],1.778806927194984,1.098286685087615,1.2618604444477406,"{'Medical': 1.778806927194984, 'Mental Health': 1.000710419277288, 'Abuse': 1.0000001936126681, 'Aggression': 1.000000432020081, 'Sexual': 1.0000003128163746, 'Discrimination': 1.006738569999715, 'Pregnancy': 1.000035836148523, 'Not Applicable': 1.0000007896312857}"
"Was I the victim or was she? I have severe doubts and I have guilt over the incident. Let me preface this by saying that I was a dumb, horny 15 year old. A dumb horny 15 year old who had no idea how alcohol worked.  This…","{'Sexual', 'Mental Health', 'Abuse'}",{'Mental Health'},[],"['Abuse', 'Sexual']",1.7788065030944145,1.103575720667977,1.00000818029165,"{'Medical': 1.0, 'Mental Health': 1.00000818029165, 'Abuse': 1.7788065030944145, 'Aggression': 1.0000001936126681, 'Sexual': 1.0497880426347233, 'Discrimination': 1.0000001936126681, 'Pregnancy': 1.0000003128163746, 'Not Applicable': 1.0000023392813167}"
"My step-mom's dog sexually harassed a social worker. This dog was so nosy, that I was in fucking shock when I saw the dog look up this lady's skirt!  This dog was also clawing at the legs of this lady, I mean WTF!!!!!!!!…",{'Abuse'},{'Not Applicable'},['Not Applicable'],['Abuse'],1.7788038524681458,1.0991337974257005,1.7788038524681458,"{'Medical': 1.0000003128163746, 'Mental Health': 1.0000001936126681, 'Abuse': 1.0000001936126681, 'Aggression': 1.0000001936126681, 'Sexual': 1.014264888446624, 'Discrimination': 1.0000003128163746, 'Pregnancy': 1.000000432020081, 'Not Applicable': 1.7788038524681458}"
Medicated miscarriage with miso not much bleeding Hello everyone so my husband and I found out our 7 week appointment that the baby’s heart stopped beating a few days after our 6 week appointment I was 9+3 at the time of…,"{'Pregnancy', 'Medical'}","{'Medical', 'Pregnancy', 'Mental Health'}",['Mental Health'],[],1.6065367915787938,1.075817640870116,1.2021797350892978,"{'Medical': 1.000001266446481, 'Mental Health': 1.6065367915787938, 'Abuse': 1.0000003128163746, 'Aggression': 1.0000006704275366, 'Sexual': 1.0000003128163746, 'Discrimination': 1.000000432020081, 'Pregnancy': 1.0000011472426182, 'Not Applicable': 1.0000001936126681}"
"Was I sexually harassed or assaulted or am I just overreacting? So these events occurred almost two years ago. We were both 15.  So I had a boyfriend for like two weeks and we went to homecoming together. At the dance, h…","{'Sexual', 'Abuse'}","{'Abuse', 'Mental Health'}",['Mental Health'],['Sexual'],1.606534493411123,1.0776061923618272,1.007134091484026,"{'Medical': 1.0000003128163746, 'Mental Health': 1.014266916521571, 'Abuse': 1.000001266446481, 'Aggression': 1.606534493411123, 'Sexual': 1.000045611249943, 'Discrimination': 1.0000001936126681, 'Pregnancy': 1.0000003128163746, 'Not Applicable': 1.000000432020081}"
"Was I sexually harassed? I apologize in advance if I'm just making a big deal out of nothing. I'm 13f now, this happened when I was 4-6 years old.  So, you know how parents have to help young children clean themselves in…","{'Sexual', 'Abuse'}","{'Aggression', 'Abuse'}",['Aggression'],['Sexual'],1.606533918869719,1.1116844626987177,1.3032675330561685,"{'Medical': 1.0000001936126681, 'Mental Health': 1.2865086221755775, 'Abuse': 1.0000011472426182, 'Aggression': 1.606533918869719, 'Sexual': 1.0004308812400347, 'Discrimination': 1.0000003128163746, 'Pregnancy': 1.0000003128163746, 'Not Applicable': 1.0000003128163746}"
"What is the legality of traveling for an abortion in TX For context my girlfriend is on birth control and still took a plan B the morning after, but were still both worried.   It was awful seeing her cry because being pr…","{'Pregnancy', 'Medical', 'Mental Health'}","{'Pregnancy', 'Discrimination', 'Mental Health'}",['Discrimination'],['Medical'],1.4723691035960107,1.0593812495478043,1.1578473705807684,"{'Medical': 1.0, 'Mental Health': 1.0011713840883674, 'Abuse': 1.001503608481102, 'Aggression': 1.0000001936126681, 'Sexual': 1.0000001936126681, 'Discrimination': 1.4723691035960107, 'Pregnancy': 1.000001624057927, 'Not Applicable': 1.0000038889336924}"
"Help, please. Me (29f) being harassed by coworker (59m) I don't know what to do anymore.  My coworker has always made me uncomfortable. He has told me about his sexcapades basically since I started working at my location…","{'Discrimination', 'Mental Health', 'Abuse'}","{'Abuse', 'Sexual', 'Discrimination', 'Mental Health'}",['Sexual'],[],1.3678842518907073,1.0609477650430992,1.1218883927640917,"{'Medical': 1.0000277300430114, 'Mental Health': 1.3678842518907073, 'Abuse': 1.000001266446481, 'Aggression': 1.0000001936126681, 'Sexual': 1.1054025710586888, 'Discrimination': 1.0142654816604881, 'Pregnancy': 1.000000432020081, 'Not Applicable': 1.0000001936126681}"
HcG I had a miscarriage about a little over a month ago. I was 5 weeks. My hcg level was at 60. It is now 49 a month later.   Is it supposed to go down so slow?   I also haven’t gotten a period since my miscarriage.,"{'Pregnancy', 'Medical'}","{'Medical', 'Pregnancy', 'Mental Health'}",['Mental Health'],[],1.367883762697265,1.0460277937731772,1.122740182565377,"{'Medical': 1.0003357569599831, 'Mental Health': 1.367883762697265, 'Abuse': 1.0000003128163746, 'Aggression': 1.000000432020081, 'Sexual': 1.000000432020081, 'Discrimination': 1.0000003128163746, 'Pregnancy': 1.0000010280388834, 'Not Applicable': 1.0000003128163746}"
"was i harrassed? help Trigger warning: nsfw, sexual harassment and sexual content  Hi everyone, I’m just in a total haze of panic right now and need help  I  (16F) got a vist from my childhood best friend today (16F). We…","{'Sexual', 'Mental Health'}","{'Abuse', 'Sexual', 'Mental Health'}",['Abuse'],[],1.3678835181006097,1.0629034479377313,1.1677414501889498,"{'Medical': 1.000000432020081, 'Mental Health': 1.0000032929132987, 'Abuse': 1.1353375395529415, 'Aggression': 1.0000001936126681, 'Sexual': 1.3678835181006097, 'Discrimination': 1.0000001936126681, 'Pregnancy': 1.000000432020081, 'Not Applicable': 1.0000019816695012}"
My manager I worked at a restaurant for 3ish years and for about 2 and a half years I was sexually harassed by my manager. I would say in that there were only a handful of days that he did not make sexual comments toward…,{'Abuse'},"{'Abuse', 'Sexual', 'Mental Health'}","['Mental Health', 'Sexual']",[],1.3678813982647613,1.0480234975439493,1.12551195981775,"{'Medical': 1.0000003128163746, 'Mental Health': 1.0086533339458703, 'Abuse': 1.0000011472426182, 'Aggression': 1.0009121177210758, 'Sexual': 1.3678813982647613, 'Discrimination': 1.006738329505765, 'Pregnancy': 1.000000908835049, 'Not Applicable': 1.000000432020081}"
Still Bleeding & Clotting Hello! I took my Mifepristone on May 24th. I took the Misoprostol on the 25th later in the night. I was 6 weeks and 3 days. I let the Misoprostol dissolve in my cheeks for 30 minutes and swallow…,"{'Medical', 'Mental Health'}","{'Medical', 'Pregnancy'}",['Pregnancy'],['Mental Health'],1.2865090822669965,1.0358144454150953,1.0000023392822333,"{'Medical': 1.0000010280388834, 'Mental Health': 1.2865090822669965, 'Abuse': 1.0000001936126681, 'Aggression': 1.000000432020081, 'Sexual': 1.0000003128163746, 'Discrimination': 1.0000003128163746, 'Pregnancy': 1.0000036505255832, 'Not Applicable': 1.0000005512238017}"
"Was I sexually harassed? Hey guys. This is going to be a strange post because it’s going to have to be detailing a lot of...strange things that happened to me Friday night at a friend’s graduation party (so proud of him,…","{'Mental Health', 'Abuse'}",{'Mental Health'},[],['Abuse'],1.2865072035614054,1.04909182096442,1.1054035181865536,"{'Medical': 1.0000001936126681, 'Mental Health': 1.1054035181865536, 'Abuse': 1.2865072035614054, 'Aggression': 1.000710419277288, 'Sexual': 1.0000962764019639, 'Discrimination': 1.0, 'Pregnancy': 1.0000001936126681, 'Not Applicable': 1.0000167630628127}"
"First Menstruation after MA Hi everyone, I just want to ask: When does the first menstruation usually occur after a medical abortion?  It’s been 5 weeks and 2 days since my MA, and I was bleeding for a while, but now it’…","{'Pregnancy', 'Medical'}",{'Medical'},[],['Pregnancy'],1.2865060916757152,1.035898185515577,1.0005534242338618,"{'Medical': 1.0005534242338618, 'Mental Health': 1.0000001936126681, 'Abuse': 1.0000006704275366, 'Aggression': 1.0000007896312857, 'Sexual': 1.0000003128163746, 'Discrimination': 1.000000432020081, 'Pregnancy': 1.2865060916757152, 'Not Applicable': 1.0001235697070932}"
"Am I having a miscarriage? Hi, sorry if this type of question is not allowed here but I am worried. So I have recently been getting a “period” for the past week, but the “blood” is dark brown with little bits of dark red…","{'Medical', 'Mental Health'}","{'Medical', 'Pregnancy', 'Mental Health'}",['Pregnancy'],[],1.223132615566771,1.027961228014372,1.0745624752023764,"{'Medical': 1.223132615566771, 'Mental Health': 1.0005537820014745, 'Abuse': 1.000000432020081, 'Aggression': 1.0000005512238017, 'Sexual': 1.0000005512238017, 'Discrimination': 1.000000432020081, 'Pregnancy': 1.0000010280388834, 'Not Applicable': 1.000000432020081}"
"i have heard my dad talk about s*x and his ED twice now :/ first time it happened he was being really loud, i was in the other room (he knew i was home) . my Mom told him to be quiet so i wouldn’t hear him but he kept go…","{'Sexual', 'Mental Health', 'Abuse'}",{'Sexual'},[],"['Abuse', 'Mental Health']",1.1737771316182557,1.025797005690082,1.1737771316182557,"{'Medical': 1.0000003128163746, 'Mental Health': 1.0142647665922269, 'Abuse': 1.0183160137760248, 'Aggression': 1.0000001936126681, 'Sexual': 1.1737771316182555, 'Discrimination': 1.0000003128163746, 'Pregnancy': 1.000000432020081, 'Not Applicable': 1.0000168822686506}"
Venting/looking for some comfort? Before i start this venting/ranting session i want to say im 100% pro choice and supportive of any decision a woman chooses to make but recently back in april i had a SA and it was entir…,"{'Pregnancy', 'Abuse', 'Mental Health'}","{'Discrimination', 'Pregnancy', 'Mental Health', 'Aggression', 'Medical', 'Abuse'}","['Aggression', 'Discrimination', 'Medical']",[],1.1737766418803748,1.0326538108929657,1.0435381910480732,"{'Medical': 1.1737766418803748, 'Mental Health': 1.0000015048541353, 'Abuse': 1.0000007896312857, 'Aggression': 1.023519307893033, 'Sexual': 1.0000001936126681, 'Discrimination': 1.0639301123983247, 'Pregnancy': 1.0000007896312857, 'Not Applicable': 1.0000011472426182}"
Im so confused on what happened with my boss (NSFW) I got this new job about a month ago. Its a small family owned store the boss and his wife both run the store and their kids are always hanging out there.   From the mo…,{'Abuse'},{'Mental Health'},['Mental Health'],['Abuse'],1.1737766418803748,1.0393381917589557,1.1737766418803748,"{'Medical': 1.000000432020081, 'Mental Health': 1.1737766418803748, 'Abuse': 1.0040868489452766, 'Aggression': 1.0000001936126681, 'Sexual': 1.1353373027030986, 'Discrimination': 1.0000001936126681, 'Pregnancy': 1.0000003128163746, 'Not Applicable': 1.001503608481102}"
"Somone please offer advise i need help So I had a miscarriage, I was supposed to be 6 weeks. Went to the hospital today for an ultrasound, waited TWELVE hours for a doctor to come discuss my results. Doctor told me they …","{'Pregnancy', 'Medical', 'Mental Health'}","{'Medical', 'Pregnancy', 'Discrimination', 'Mental Health'}",['Discrimination'],[],1.1737761696333262,1.021722801534525,1.0434451710489474,"{'Medical': 1.000001266446481, 'Mental Health': 1.0000015048541353, 'Abuse': 1.0000007896312857, 'Aggression': 1.0000003128163746, 'Sexual': 1.0000003128163746, 'Discrimination': 1.1737761696333262, 'Pregnancy': 1.0000017432618467, 'Not Applicable': 1.0000003128163746}"
I've just learned from my sister that our mutual friend masturbated while he was video calling her several times. I have had that experience once but wasn't sure if he was doing it. What should I say to him? My sister an…,"{'Sexual', 'Mental Health', 'Abuse'}","{'Sexual', 'Abuse'}",[],['Mental Health'],1.17377581982082,1.0466327302097054,1.118852906657848,"{'Medical': 1.0000003128163746, 'Mental Health': 1.0000168822686506, 'Abuse': 1.1737758198208201, 'Aggression': 1.0000001936126681, 'Sexual': 1.0639299934948756, 'Discrimination': 1.0000003128163746, 'Pregnancy': 1.000000432020081, 'Not Applicable': 1.1353378948277986}"
"For those of you who had blighted ovum, how was your hcg? Was your hcg normal but low or was it simply not going up every 2 days?",{'Medical'},{'Pregnancy'},['Pregnancy'],['Medical'],1.1737752251397993,1.021812668610619,1.0000136637196528,"{'Medical': 1.1737752251397993, 'Mental Health': 1.0000001936126681, 'Abuse': 1.000000432020081, 'Aggression': 1.0000005512238017, 'Sexual': 1.000000432020081, 'Discrimination': 1.0000005512238017, 'Pregnancy': 1.0000136637196528, 'Not Applicable': 1.0007102999250679}"
"Is it normal for my body to react this way?🥴 Im starting to think that there might be a correlation between physical touch and whether I develop a crush on a guy that i dont find attractive at all, like at alll.  About a…",set(),"{'Abuse', 'Mental Health'}","['Abuse', 'Mental Health']",[],1.1353389775709055,1.0170099108739885,1.067670062406762,"{'Medical': 1.0000001936126681, 'Mental Health': 1.1353389775709055, 'Abuse': 1.0000011472426182, 'Aggression': 1.0000001936126681, 'Sexual': 1.000710419277288, 'Discrimination': 1.0000003128163746, 'Pregnancy': 1.0000003128163746, 'Not Applicable': 1.0000277300430114}"
"Was I sexually harassed? Idk what to call it I've recently reevaluated an experience I had with my former best friend. I don't really know what to call it and I can't find articles that mention it, so idk.   (tldr at the…",{'Sexual'},"{'Abuse', 'Mental Health'}","['Abuse', 'Mental Health']",['Sexual'],1.1353377933206852,1.0198630954787284,1.0768276186278989,"{'Medical': 1.0000003128163746, 'Mental Health': 1.0183174439351121, 'Abuse': 1.1353377933206852, 'Aggression': 1.0000001936126681, 'Sexual': 1.0052478432884369, 'Discrimination': 1.0000001936126681, 'Pregnancy': 1.000000432020081, 'Not Applicable': 1.0000005512238017}"
D&C I had my D&C today for an incomplete miscarriage. I miscarried on Mothers Day but unfortunately didn’t pass everything and despite waiting this long I still had retained products so I opted for the procedure rather t…,"{'Pregnancy', 'Medical', 'Mental Health'}","{'Medical', 'Pregnancy'}",[],['Mental Health'],1.1353376579778816,1.0169178087718924,1.0000013260484053,"{'Medical': 1.0000010280388834, 'Mental Health': 1.1353376579778816, 'Abuse': 1.000000432020081, 'Aggression': 1.0000006704275366, 'Sexual': 1.000000432020081, 'Discrimination': 1.0000001936126681, 'Pregnancy': 1.000001624057927, 'Not Applicable': 1.000000432020081}"
"My boss watched it happen and did nothing I'm still struggling to feel okay, it's objectively not that bad and I'm a guy, I should be tough and not feel violated, but I do.  So I work at a grocery store, today I was help…","{'Mental Health', 'Abuse'}","{'Abuse', 'Aggression', 'Mental Health'}",['Aggression'],[],1.1054024475203317,1.0234377126028424,1.0351348742672872,"{'Medical': 1.0, 'Mental Health': 1.000001266446481, 'Abuse': 1.000000908835049, 'Aggression': 1.1054024475203315, 'Sexual': 1.0000103259777622, 'Discrimination': 1.0820860072066596, 'Pregnancy': 1.000000432020081, 'Not Applicable': 1.0000003128163746}"
"Getting an abortion and don’t want to, not sure how to cope with it. would an SA be easier than an MA? I’m (22F) found out i was pregnant about a week or so ago and according to an app I’m at about 8 weeks, and I honestl…","{'Pregnancy', 'Medical', 'Mental Health'}","{'Discrimination', 'Pregnancy', 'Mental Health', 'Medical', 'Abuse'}","['Abuse', 'Discrimination']",[],1.1054010144763955,1.0260136076247353,1.041621527869266,"{'Medical': 1.0639291611711037, 'Mental Health': 1.000000908835049, 'Abuse': 1.1054010144763957, 'Aggression': 1.0000001936126681, 'Sexual': 1.0, 'Discrimination': 1.0387754076211633, 'Pregnancy': 1.0000011472426182, 'Not Applicable': 1.0000010280388834}"
"Abortion Procedure, Gyno appointment shortly after, advice needed I am 6 weeks pregnant, found out about a week and a half ago when I missed my period. I am in a legal state (elective abortions allowed up to 16 weeks).  …","{'Pregnancy', 'Medical', 'Mental Health'}","{'Medical', 'Pregnancy', 'Discrimination'}",['Discrimination'],['Mental Health'],1.1054006520977635,1.0131775661119526,1.0351397194754677,"{'Medical': 1.000017001474503, 'Mental Health': 1.0000005512238017, 'Abuse': 1.0000001936126681, 'Aggression': 1.0000003128163746, 'Sexual': 1.0, 'Discrimination': 1.1054006520977637, 'Pregnancy': 1.0000015048541353, 'Not Applicable': 1.0000003128163746}"
"My maths teacher sexually abused and molested me when I was 14. It still haunts me in my dream. My maths teacher. She was a 28 year old lady when I was 14 and I was doing my 9th grade. During school, she used to sit near…","{'Sexual', 'Mental Health', 'Abuse'}","{'Abuse', 'Aggression', 'Mental Health'}",['Aggression'],['Sexual'],1.1054005367954964,1.0180225905809432,1.0129262177947789,"{'Medical': 1.0, 'Mental Health': 1.0000005512238017, 'Abuse': 1.0000024584852079, 'Aggression': 1.0387756436753268, 'Sexual': 1.0000005512238017, 'Discrimination': 1.1054005367954964, 'Pregnancy': 1.0000006704275366, 'Not Applicable': 1.0000003128163746}"
SA at 8 weeks 4 days I'm 6 days post abortion Hello everyone this group has helped me tremendously with going through with my procedure and just easing my fears and worries but does anyone else have really bad cramping o…,"{'Pregnancy', 'Mental Health'}",{'Pregnancy'},[],['Mental Health'],1.0820864909369083,1.0132240704978783,1.000027968457316,"{'Medical': 1.0235182364668538, 'Mental Health': 1.0820864909369083, 'Abuse': 1.0001586168564363, 'Aggression': 1.0000005512238017, 'Sexual': 1.0000003128163746, 'Discrimination': 1.0000001936126681, 'Pregnancy': 1.0000279684573161, 'Not Applicable': 1.0000001936126681}"
I’m having a miscarriage but have no OB and no insurance. What should my next steps be? I'm about 8 weeks along. I started bleeding yesterday and have continued all day today. I have applied for Medicaid but am in a wait…,"{'Pregnancy', 'Medical', 'Mental Health'}","{'Medical', 'Pregnancy', 'Discrimination', 'Mental Health'}",['Discrimination'],[],1.0639298745914396,1.0079925957743758,1.01598484893145,"{'Medical': 1.0000059154060519, 'Mental Health': 1.0000026968932603, 'Abuse': 1.0000003128163746, 'Aggression': 1.000000432020081, 'Sexual': 1.0000003128163746, 'Discrimination': 1.0639298745914396, 'Pregnancy': 1.000000908835049, 'Not Applicable': 1.0000003128163746}"
"For two years police in Basalt, CO have gone to my job sites as well as driven past my house daily. Hello, I moved to Basalt Colorado two years ago from Tennessee. I began noticing in Tennessee whenever I would go out fo…",{'Not Applicable'},"{'Abuse', 'Mental Health'}","['Abuse', 'Mental Health']",['Not Applicable'],1.0497900684130568,1.007708012919415,1.0275191936481454,"{'Medical': 1.0000003128163746, 'Mental Health': 1.0497900684130568, 'Abuse': 1.0052483188832342, 'Aggression': 1.0000584859157449, 'Sexual': 1.0000003128163746, 'Discrimination': 1.004087088338265, 'Pregnancy': 1.000000432020081, 'Not Applicable': 1.0024790841521896}"
"Abortion, bf commented and I can’t stop thinking about I got a surgical abortion three days ago and yesterday my bf and I had sex. Afterwards he told me that it felt like I was bigger down there. Is that normal? Will I g…","{'Pregnancy', 'Sexual', 'Mental Health'}","{'Medical', 'Pregnancy', 'Sexual'}",['Medical'],['Mental Health'],1.0387749277735203,1.0049855216938703,1.0132531969952616,"{'Medical': 1.000553543450892, 'Mental Health': 1.0001235697070932, 'Abuse': 1.0000001936126681, 'Aggression': 1.000000432020081, 'Sexual': 1.0004311197613724, 'Discrimination': 1.0000001936126681, 'Pregnancy': 1.0387749277735205, 'Not Applicable': 1.0000001936126681}"
"Did air travel cause miscarriage? I know flying did not cause my miscarriage, but the way the ER doctor and my OB said, “oh you’ve been on a plane recently” when I started to miscarry just makes me upset. I flew on a 3 h…","{'Pregnancy', 'Medical'}","{'Medical', 'Pregnancy', 'Mental Health'}",['Mental Health'],[],1.03019936143667,1.0038983028821962,1.0102512315018604,"{'Medical': 1.0005534242338618, 'Mental Health': 1.03019936143667, 'Abuse': 1.0000001936126681, 'Aggression': 1.0000003128163746, 'Sexual': 1.000000432020081, 'Discrimination': 1.00043100047158, 'Pregnancy': 1.000000908835049, 'Not Applicable': 1.0000007896312857}"
"Pregnant again after abortion? I got an abortion about 3-4 weeks ago. The first time we had sex vaginally a few days ago , the condom broke …. Which is just insane to me.   Anyways , three days before I took a plan b ( w…","{'Pregnancy', 'Medical', 'Sexual', 'Mental Health'}","{'Medical', 'Pregnancy', 'Sexual'}",[],['Mental Health'],1.0301985286362103,1.0055599196812977,1.0148215205583062,"{'Medical': 1.0142647665922269, 'Mental Health': 1.0000131868988307, 'Abuse': 1.0000003128163746, 'Aggression': 1.0000005512238017, 'Sexual': 1.0301985286362105, 'Discrimination': 1.000000432020081, 'Pregnancy': 1.000001266446481, 'Not Applicable': 1.0000003128163746}"
"I survived abuse, miscarried his baby, and now I’m grieving with no one to talk to I'm 17 and I recently found out I miscarried. It was my ex's baby. he was extremely toxic and emotionally abusive, slapped me a handful o…","{'Pregnancy', 'Abuse', 'Mental Health'}","{'Pregnancy', 'Abuse', 'Aggression', 'Mental Health'}",['Aggression'],[],1.030198286855558,1.0053102969790262,1.0002936170512793,"{'Medical': 1.0301982868555581, 'Mental Health': 1.0000006704275366, 'Abuse': 1.0000007896312857, 'Aggression': 1.0011713840883674, 'Sexual': 1.0, 'Discrimination': 1.0111094271588654, 'Pregnancy': 1.000001624057927, 'Not Applicable': 1.0000001936126681}"
"Not A question, just a story. I never thought it would happen so close to me. TW: THREATS AND MENTIONS OF SUICIDE Theres a guy at my school who's harassed 4 girls and he has told me and many other people to &gt;!kill the…","{'Discrimination', 'Mental Health', 'Abuse'}","{'Abuse', 'Aggression', 'Discrimination', 'Mental Health'}",['Aggression'],[],1.023518833186278,1.0056973554153208,1.011255971486599,"{'Medical': 1.0000001936126681, 'Mental Health': 1.0031836012710575, 'Abuse': 1.00000424654619, 'Aggression': 1.0183172049428704, 'Sexual': 1.0004308812400347, 'Discrimination': 1.023518833186278, 'Pregnancy': 1.0000003128163746, 'Not Applicable': 1.0001235697070932}"
Natural Miscarriage - Timeline so far I found out last Saturday 21st (at 8 weeks) that baby was measuring 6w1d without a heartbeat. I had experienced very pale brown spotting for a day or so prior. Wednesday 25th I had t…,"{'Pregnancy', 'Medical'}","{'Medical', 'Pregnancy', 'Mental Health'}",['Mental Health'],[],1.0111103801283778,1.0013893990407507,1.003704463278902,"{'Medical': 1.000001266446481, 'Mental Health': 1.0111103801283778, 'Abuse': 1.0000003128163746, 'Aggression': 1.000000432020081, 'Sexual': 1.0000003128163746, 'Discrimination': 1.0000001936126681, 'Pregnancy': 1.0000017432618467, 'Not Applicable': 1.0000005512238017}"
Had miscarriage last year The night that I took the test something told me to video it. So I did that my boyfriend was not at the house at this time. So it was just me in the video. My face was stunned by the test. I try…,"{'Pregnancy', 'Mental Health'}","{'Medical', 'Pregnancy', 'Mental Health'}",['Medical'],[],1.011109667284498,1.0013899357571048,1.003705934257086,"{'Medical': 1.011109667284498, 'Mental Health': 1.0000066306326245, 'Abuse': 1.0000001936126681, 'Aggression': 1.000000432020081, 'Sexual': 1.000000432020081, 'Discrimination': 1.0000001936126681, 'Pregnancy': 1.0000015048541353, 'Not Applicable': 1.000000432020081}"
Lactating after loss.. I miscarried last week at 18 weeks 2 days. It has been 10 days and now I’ve started lactating. My fiancé is the one who figured it out( you can probably guess how ) lol. 😂 I’m not exactly sure what…,{'Pregnancy'},"{'Pregnancy', 'Mental Health'}",['Mental Health'],[],1.011109309450243,1.001442996873818,1.0002164315254367,"{'Medical': 1.011109309450243, 'Mental Health': 1.0004312389929462, 'Abuse': 1.0000001936126681, 'Aggression': 1.000000908835049, 'Sexual': 1.0000001936126681, 'Discrimination': 1.0000001936126681, 'Pregnancy': 1.000001624057927, 'Not Applicable': 1.0000003128163746}"
"I miscarried and my partner left me TW: abortion, semi-graphic descriptions  About a week ago I found out I was pregnant. This came a few weeks after my partner and I had a mishap with the condom and I decided plan B wou…","{'Pregnancy', 'Medical', 'Abuse', 'Mental Health'}","{'Medical', 'Pregnancy', 'Mental Health'}",[],['Abuse'],1.006738329505765,1.0008909176452938,1.0000929345064404,"{'Medical': 1.0002617276809012, 'Mental Health': 1.0000032929132987, 'Abuse': 1.006738329505765, 'Aggression': 1.0000001936126681, 'Sexual': 1.0000131868988307, 'Discrimination': 1.0000962764019639, 'Pregnancy': 1.0000137829251212, 'Not Applicable': 1.0000005512238017}"
"I would love to know how you would react Hello everyone-  Today I was walking in my neighborhood past a house that I always walk by. This house, in particular, has flags and signs that would allude to the fact that they …","{'Mental Health', 'Abuse'}",{'Mental Health'},[],['Abuse'],1.0052477234535628,1.0009915065784756,1.002479323161857,"{'Medical': 1.000000432020081, 'Mental Health': 1.002479323161857, 'Abuse': 1.0002036803379246, 'Aggression': 1.0000001936126681, 'Sexual': 1.0000001936126681, 'Discrimination': 1.0000001936126681, 'Pregnancy': 1.0000003128163746, 'Not Applicable': 1.0052477234535628}"
How long does it take for the pills to reach me? I am 9 weeks pregnant from Poland and I ordered   abortion pills from WHW Anyone from Poland who had the same experience please tell me how long it took for the pills to r…,"{'Pregnancy', 'Medical'}",{'Pregnancy'},[],['Medical'],1.0040869686417635,1.0005170455063792,1.00000222007744,"{'Medical': 1.000045611249943, 'Mental Health': 1.0040869686417637, 'Abuse': 1.0000001936126681, 'Aggression': 1.0000005512238017, 'Sexual': 1.0000001936126681, 'Discrimination': 1.0000003128163746, 'Pregnancy': 1.0000022200774399, 'Not Applicable': 1.0000003128163746}"
"MA at home, a lot easier than expected so i’m not sure it worked? I took my mife pill monday at 3pm, took first dose of miso (4 pills) on tuesday at 3pm, took about 2 hours till i had any cramping but i did take ibuprofe…","{'Pregnancy', 'Medical', 'Mental Health'}","{'Medical', 'Pregnancy', 'Discrimination', 'Mental Health'}",['Discrimination'],[],1.0031833623270492,1.0003991923377122,1.0007975950437409,"{'Medical': 1.0000011472426182, 'Mental Health': 1.0000046041588155, 'Abuse': 1.0000001936126681, 'Aggression': 1.0000003128163746, 'Sexual': 1.0000003128163746, 'Discrimination': 1.0031833623270492, 'Pregnancy': 1.000001266446481, 'Not Applicable': 1.0000023392813167}"
"I need advice on my boss who has been harassing to female staff I’ve worked at my job for 2 years. One morning, a coworker told me while she was opening she dropped a tool and it broke, and she went to apologize to our b…","{'Mental Health', 'Abuse'}","{'Abuse', 'Discrimination', 'Mental Health'}",['Discrimination'],[],1.002479442433304,1.0003241365375977,1.0008313383280092,"{'Medical': 1.0000003128163746, 'Mental Health': 1.0000133061042422, 'Abuse': 1.000001266446481, 'Aggression': 1.0000001936126681, 'Sexual': 1.0000962764019639, 'Discrimination': 1.0024794424333041, 'Pregnancy': 1.000000432020081, 'Not Applicable': 1.0000018624656668}"
"is this harassment? i’m f14 and i was sitting in a less crowded area of my town centre on a bench to calm down because i felt overwhelmed by the crowds in most shops, so i put my earphones in and sat there for a bit. Thi…","{'Mental Health', 'Abuse'}","{'Abuse', 'Aggression', 'Mental Health'}",['Aggression'],[],1.001930971262521,1.0002449977559338,1.000651455011137,"{'Medical': 1.000000432020081, 'Mental Health': 1.0000217697129634, 'Abuse': 1.000001624057927, 'Aggression': 1.001930971262521, 'Sexual': 1.0000038889336924, 'Discrimination': 1.0000003128163746, 'Pregnancy': 1.0000006704275366, 'Not Applicable': 1.0000003128163746}"
Taking pills from aid access Hi. I found out I was pregnant 2 days ago. I'm 6w 4d. I have a 8 month old and I really can't have another one yet. I haven't finished school. My husband and I live with his mom. I order the …,"{'Pregnancy', 'Medical', 'Mental Health'}","{'Medical', 'Pregnancy', 'Discrimination', 'Mental Health'}",['Discrimination'],[],1.001503966646767,1.0002227791666185,1.000445066711228,"{'Medical': 1.0002616084404183, 'Mental Health': 1.001503966646767, 'Abuse': 1.0000001936126681, 'Aggression': 1.0000003128163746, 'Sexual': 1.0000003128163746, 'Discrimination': 1.0000135445151082, 'Pregnancy': 1.0000011472426182, 'Not Applicable': 1.0000011472426182}"
Am I being sexually abused because I am subservient (one of my abusers called me that)? He's a coworker who randomly one day said I am subservient. Maybe he was just trying to get in my head but I would admit I am very p…,{'Not Applicable'},{'Abuse'},['Abuse'],['Not Applicable'],1.001171503437304,1.0002955988267312,1.001171503437304,"{'Medical': 1.0000003128163746, 'Mental Health': 1.0011711455070886, 'Abuse': 1.0011715034373039, 'Aggression': 1.0000001936126681, 'Sexual': 1.0000003128163746, 'Discrimination': 1.0000038889336924, 'Pregnancy': 1.0000006704275366, 'Not Applicable': 1.0000167630628127}"
My experience with a MA at 5 weeks. Confirmed negative pregnancy test (positive experience) I wanted to post my abortion experience here to hopefully bring some peace and reassurance to those experiencing similar symptom…,"{'Pregnancy', 'Medical', 'Mental Health'}","{'Medical', 'Pregnancy', 'Discrimination', 'Mental Health'}",['Discrimination'],[],1.0009122369808443,1.000129075901259,1.0002578277874223,"{'Medical': 1.0000006704275366, 'Mental Health': 1.000096395615461, 'Abuse': 1.0, 'Aggression': 1.0000001936126681, 'Sexual': 1.0000001936126681, 'Discrimination': 1.0009122369808445, 'Pregnancy': 1.000022008125847, 'Not Applicable': 1.000000908835049}"
"Anyone not really sure how they feel during/post MC? Started spotting, then bleeding 7w4d, pretty quickly concluded what was happening. Ultrasound at 8 weeks confirmed. Incomplete miscarriage, and hoping things will work…","{'Pregnancy', 'Mental Health'}","{'Medical', 'Pregnancy', 'Mental Health'}",['Medical'],[],1.0009119983447996,1.0001762900449802,1.0001655710461368,"{'Medical': 1.0001587360846416, 'Mental Health': 1.0003358761801915, 'Abuse': 1.0000003128163746, 'Aggression': 1.000000432020081, 'Sexual': 1.0000003128163746, 'Discrimination': 1.0009119983447996, 'Pregnancy': 1.000002100873577, 'Not Applicable': 1.0000005512238017}"
Please someone help me I'm in a state that dosnt allow abortions and I don't have the funds to travel out of state or pay to have it done. Please someone help me with ideas. I am struggling and all alone.,"{'Pregnancy', 'Mental Health'}","{'Pregnancy', 'Discrimination', 'Mental Health'}",['Discrimination'],[],1.0005537820014745,1.0000697348720315,1.000185398563553,"{'Medical': 1.000000432020081, 'Mental Health': 1.0005537820014745, 'Abuse': 1.0000001936126681, 'Aggression': 1.0000005512238017, 'Sexual': 1.0000003128163746, 'Discrimination': 1.0000015048541353, 'Pregnancy': 1.000000908835049, 'Not Applicable': 1.0000001936126681}"
"5+2 Found out at 10DPO, line profession was steady and test and control were same colour on day of missed period.   Went to ED at 5+1 cramping and light bleeding. Bedside ultrasound confirmed pregnancy in uterus. 1st blo…","{'Pregnancy', 'Medical'}","{'Medical', 'Pregnancy', 'Mental Health'}",['Mental Health'],[],1.000553662784416,1.0000734600342407,1.0001943389639922,"{'Medical': 1.0000279684573161, 'Mental Health': 1.000553662784416, 'Abuse': 1.000000432020081, 'Aggression': 1.000000432020081, 'Sexual': 1.000000432020081, 'Discrimination': 1.0000003128163746, 'Pregnancy': 1.0000013856502443, 'Not Applicable': 1.0000030545053316}"
"Abortion guilt - Does it ever go away? Please share your healing experiences 🙏 Just over 3 years ago I had an abortion and I am still consumed with feelings of confusion, guilt and regret. I guess part of this is looking…","{'Pregnancy', 'Medical', 'Mental Health'}","{'Pregnancy', 'Mental Health'}",[],['Medical'],1.000553543450892,1.0000695411480485,1.0002771069392145,"{'Medical': 1.0000001936126681, 'Mental Health': 1.0000006704275366, 'Abuse': 1.0000001936126681, 'Aggression': 1.0000001936126681, 'Sexual': 1.0000011472426182, 'Discrimination': 1.0000001936126681, 'Pregnancy': 1.000553543450892, 'Not Applicable': 1.0000001936126681}"
Please Read. Im 18 and almost 20 weeks I need advice really bad. I started dating my boyfriend last summer when i was 17 he was 38. He has his own house and we both love watching movies together and hes funny. I was on b…,"{'Pregnancy', 'Sexual', 'Mental Health', 'Aggression', 'Abuse'}","{'Pregnancy', 'Abuse', 'Mental Health'}",[],"['Aggression', 'Sexual']",1.0004308812400349,1.000116746538147,1.000008061134878,"{'Medical': 1.0002036803379246, 'Mental Health': 1.0000011472426182, 'Abuse': 1.0000218889193981, 'Aggression': 1.0002614891999497, 'Sexual': 1.0004308812400347, 'Discrimination': 1.0000131868988307, 'Pregnancy': 1.0000011472426182, 'Not Applicable': 1.0000005512238017}"
My father in law is sexually harassing me and I don't know what to do I don't even know how to start. I'm together with my boyfriend for only half a year now. I always had the feeling that the parents didn't like me real…,"{'Sexual', 'Mental Health', 'Abuse'}","{'Abuse', 'Aggression', 'Mental Health'}",['Aggression'],['Sexual'],1.0003358761801917,1.0000426456492244,1.0001130016976454,"{'Medical': 1.0000003128163746, 'Mental Health': 1.0000006704275366, 'Abuse': 1.0000024584852079, 'Aggression': 1.0003358761801915, 'Sexual': 1.000001266446481, 'Discrimination': 1.0000001936126681, 'Pregnancy': 1.0000001936126681, 'Not Applicable': 1.0000001936126681}"
"Need to get this off my chest  I have never posted on any online forum so here goes nothing.  I am a male in my late 20s. In high school, I was sexually harassed and sexually assaulted by several women. One girl made sev…","{'Sexual', 'Mental Health', 'Abuse'}","{'Abuse', 'Mental Health'}",[],['Sexual'],1.0002617276809012,1.0000601390843546,1.0002328232357196,"{'Medical': 1.0000003128163746, 'Mental Health': 1.0002039187905383, 'Abuse': 1.0002617276809012, 'Aggression': 1.0000001936126681, 'Sexual': 1.0000131868988307, 'Discrimination': 1.0000001936126681, 'Pregnancy': 1.0000003128163746, 'Not Applicable': 1.000001266446481}"
Cramping but no bleeding 4 hours after taking misoprostol I took mifepristone yesterday at 1:20 PM and took the 4 misoprostol today at 2:20 PM. I experience some very light cramping yesterday after I took the mifepriston…,"{'Medical', 'Mental Health'}","{'Medical', 'Pregnancy'}",['Pregnancy'],['Mental Health'],1.0001235697070932,1.0000160626384735,1.0000012068445496,"{'Medical': 1.0000011472426182, 'Mental Health': 1.0001235697070932, 'Abuse': 1.0000006704275366, 'Aggression': 1.0000005512238017, 'Sexual': 1.000000432020081, 'Discrimination': 1.0000003128163746, 'Pregnancy': 1.000001266446481, 'Not Applicable': 1.0000005512238017}"
Miscarriage at 18 weeks - will we be able to see the remains for closure? My fiance miscarriaged baby girl at 18 weeks. OBGYN said it likely happened a few days ago before the ultrasound that determined no heartbeat. My …,"{'Pregnancy', 'Mental Health'}","{'Medical', 'Pregnancy', 'Mental Health'}",['Medical'],[],1.000096514828972,1.0000163165165206,1.0000373469956318,"{'Medical': 1.000096514828972, 'Mental Health': 1.0000104451819234, 'Abuse': 1.0000003128163746, 'Aggression': 1.000000432020081, 'Sexual': 1.000000432020081, 'Discrimination': 1.0000168822686506, 'Pregnancy': 1.0000050809760002, 'Not Applicable': 1.000000432020081}"
"getting an abortion, feeling scared and alone   I’m 22, just found out that I’m pregnant for the first time, and I am about 4 weeks along.   I am absolutely heartbroken, and feel totally alone.   I have always wanted to …","{'Pregnancy', 'Mental Health'}","{'Medical', 'Pregnancy', 'Mental Health'}",['Medical'],[],1.000058605124737,1.0000080463690662,1.000020260135413,"{'Medical': 1.0000586051247373, 'Mental Health': 1.0000010280388834, 'Abuse': 1.0000001936126681, 'Aggression': 1.0000001936126681, 'Sexual': 1.0000001936126681, 'Discrimination': 1.0000018624656668, 'Pregnancy': 1.0000011472426182, 'Not Applicable': 1.0000011472426182}"
Healed and Alive Again Hi! For all who regret their abortion for months or even years...how did you all healed and see the other side again? How did you let yourself feel happy again? Is life better or at best now for yo…,"{'Pregnancy', 'Mental Health'}",{'Mental Health'},[],['Pregnancy'],1.000021888919398,1.0000046786914143,1.000021888919398,"{'Medical': 1.0000003128163746, 'Mental Health': 1.0000218889193981, 'Abuse': 1.000000432020081, 'Aggression': 1.0000005512238017, 'Sexual': 1.000000432020081, 'Discrimination': 1.0000003128163746, 'Pregnancy': 1.0000131868988307, 'Not Applicable': 1.0000003128163746}"
Late first trimester ultrasound found missed miscarriage.  I had my first trimester scan yesterday where I am currently 12 weeks. They found out that my baby stopped growing after 7 weeks.  My physician gave me options b…,"{'Pregnancy', 'Mental Health'}","{'Medical', 'Pregnancy', 'Mental Health'}",['Medical'],[],1.0000217697129634,1.0000034568434004,1.0000087763575811,"{'Medical': 1.0000217697129634, 'Mental Health': 1.0000032929132987, 'Abuse': 1.0000003128163746, 'Aggression': 1.0000003128163746, 'Sexual': 1.0000003128163746, 'Discrimination': 1.0000001936126681, 'Pregnancy': 1.000001266446481, 'Not Applicable': 1.0000001936126681}"
"Am I overthinking this interaction? (M, 23) I just started a new job as a Mental Health Aide less than a month ago at the hospital, I work with nurses and physicians in client care.  This one nurse I’m just generally fri…",{'Not Applicable'},"{'Abuse', 'Mental Health'}","['Abuse', 'Mental Health']",['Not Applicable'],1.0000173590903254,1.0000027863115144,1.0000097895838826,"{'Medical': 1.0000003128163746, 'Mental Health': 1.0000022200774399, 'Abuse': 1.0000173590903254, 'Aggression': 1.0000001936126681, 'Sexual': 1.000000908835049, 'Discrimination': 1.0000003128163746, 'Pregnancy': 1.000000432020081, 'Not Applicable': 1.0000005512238017}"
"first period after miscarriage got my first period after my d&c, feeling super emotional about it 😔  hoping for my rainbow baby soon.","{'Medical', 'Mental Health'}","{'Pregnancy', 'Mental Health'}",['Pregnancy'],['Medical'],1.000013425309668,1.0000023392904924,1.000008180305405,"{'Medical': 1.0000001936126681, 'Mental Health': 1.000013425309668, 'Abuse': 1.0000005512238017, 'Aggression': 1.0000006704275366, 'Sexual': 1.0000001936126681, 'Discrimination': 1.000000432020081, 'Pregnancy': 1.000002935301142, 'Not Applicable': 1.0000003128163746}"
Let it ride out or ER visit? I had a miscarriage several years ago without any symptoms.   Currently— LMP was May 23rd. Took a pregnancy test 1 week ago which was positive. A few days ago I had some pinkish discharge whi…,"{'Pregnancy', 'Medical'}","{'Medical', 'Pregnancy'}",[],[],2.000009063735852,1.1312941461848065,1.024894655555535,"{'Medical': 1.0497881638684516, 'Mental Health': 2.000009063735852, 'Abuse': 1.0000001936126681, 'Aggression': 1.0000005512238017, 'Sexual': 1.0000003128163746, 'Discrimination': 1.0005533049586062, 'Pregnancy': 1.0000011472426182, 'Not Applicable': 1.000000432020081}"
"I’m not really sure if this is harassment or not I was walking down stairs to leave a store, and a man who was going up the escalator was staring at my boobs and said something like “nice” or “sweet” (im 13 by the way an…",{'Abuse'},{'Abuse'},[],[],2.000002149577676,1.1250704021789382,1.000553662784416,"{'Medical': 1.000000432020081, 'Mental Health': 1.0000030545053316, 'Abuse': 1.000553662784416, 'Aggression': 1.0, 'Sexual': 2.000002149577676, 'Discrimination': 1.0000023392813167, 'Pregnancy': 1.0000005512238017, 'Not Applicable': 1.0000010280388834}"
Did I have a miscarriage? Starting off I want to say that I have PCOS & Endometriosis so it’s been very hard for me to differentiate my symptoms at different points the last couple years. I’m confused but my gut is telli…,"{'Pregnancy', 'Medical'}","{'Medical', 'Pregnancy'}",[],[],1.6065356903730412,1.0889926499870568,1.0527010786923467,"{'Medical': 1.1054008909382123, 'Mental Health': 1.6065356903730412, 'Abuse': 1.0000001936126681, 'Aggression': 1.0000005512238017, 'Sexual': 1.0000003128163746, 'Discrimination': 1.0000003128163746, 'Pregnancy': 1.000001266446481, 'Not Applicable': 1.0000019816695012}"
"Is this sexual harassment? And what can I do? …….. I went to a hibachi restaurant and was seated in a table with a bunch of white men. They were sucking their teeth , staring and rolling their eyes from the moment we sat…",{'Discrimination'},{'Discrimination'},[],[],1.4723694546362025,1.059234799615822,1.000002935301142,"{'Medical': 1.0000003128163746, 'Mental Health': 1.001503608481102, 'Abuse': 1.4723694546362023, 'Aggression': 1.0000001936126681, 'Sexual': 1.0000001936126681, 'Discrimination': 1.000002935301142, 'Pregnancy': 1.0000006704275366, 'Not Applicable': 1.0000010280388834}"
Was I sexually harassed??? This happened yesterday. I am a thirteen year old girl and my new neighbors just moved in. They have a little boy whose only eight years old (will call him Mike). My eleven year old brother bec…,"{'Mental Health', 'Abuse'}","{'Abuse', 'Mental Health'}",[],[],1.2231327431494514,1.028107553351043,1.0008624637696295,"{'Medical': 1.0000003128163746, 'Mental Health': 1.000553543450892, 'Abuse': 1.0011713840883674, 'Aggression': 1.0000015048541353, 'Sexual': 1.2231327431494514, 'Discrimination': 1.0000003128163746, 'Pregnancy': 1.0000003128163746, 'Not Applicable': 1.0000003128163746}"
Dealing with grief from d&c and family thoughts I recently experienced my first miscarriage and dealt with grief that was so severe that I checked myself into 2 mental crisis facilities. I ultimately did not go through w…,"{'Pregnancy', 'Medical', 'Mental Health'}","{'Medical', 'Pregnancy', 'Mental Health'}",[],[],1.223131540227564,1.0278986506888108,1.0000034518553915,"{'Medical': 1.000002816097194, 'Mental Health': 1.0000006704275366, 'Abuse': 1.000045611249943, 'Aggression': 1.0, 'Sexual': 1.0000001936126681, 'Discrimination': 1.223131540227564, 'Pregnancy': 1.000006869041444, 'Not Applicable': 1.0000015048541353}"
Support group for single woman? My friend had a miscarriage and the guy dumped her two days after her surgery. She’s in a support group now but everyone in it is a couple and it just makes her so sad and feels like the e…,"{'Pregnancy', 'Mental Health'}","{'Pregnancy', 'Mental Health'}",[],[],1.1737770091837665,1.0240119664209149,1.0960466888271156,"{'Medical': 1.0000001936126681, 'Mental Health': 1.1737770091837663, 'Abuse': 1.0000003128163746, 'Aggression': 1.0000005512238017, 'Sexual': 1.000000432020081, 'Discrimination': 1.000000432020081, 'Pregnancy': 1.0183163684704652, 'Not Applicable': 1.000000432020081}"
"Am I miscarrying? I stopped my birth control on May 6th. Today I started bleeding but I had my period from June 6th to the 8th so my period isn't due, I'm actually suppose to ovulate this week according to my flo. Am I h…","{'Pregnancy', 'Medical', 'Mental Health'}","{'Medical', 'Pregnancy', 'Mental Health'}",[],[],1.1353371842781956,1.0169183753812585,1.0451149079152895,"{'Medical': 1.1353371842781956, 'Mental Health': 1.0000066306326245, 'Abuse': 1.0000003128163746, 'Aggression': 1.0000007896312857, 'Sexual': 1.0000003128163746, 'Discrimination': 1.000000432020081, 'Pregnancy': 1.000000908835049, 'Not Applicable': 1.000000432020081}"
"Was this sexual harassment? Though I’m still disturbed and disgusted by this dirty old lady So over a year ago when I just turn (18m) my male parent had a girlfriend over the house from Florida (US) staying over, she loo…","{'Aggression', 'Mental Health', 'Abuse'}","{'Abuse', 'Aggression', 'Mental Health'}",[],[],1.1054011297787123,1.019806251763965,1.0047575932342885,"{'Medical': 1.0000001936126681, 'Mental Health': 1.0000065114280086, 'Abuse': 1.0000006704275366, 'Aggression': 1.0142655978473205, 'Sexual': 1.0387749277735205, 'Discrimination': 1.1054011297787125, 'Pregnancy': 1.0000001936126681, 'Not Applicable': 1.0000007896312857}"
"Abortion pill worries Hi guys, I'm 20 years old and just found out this past week I am pregnant. I'm going to planned parenthood tomorrow to get the abortion pill option, however, I'm scared out of my mind. I have really…","{'Pregnancy', 'Medical', 'Mental Health'}","{'Medical', 'Pregnancy', 'Mental Health'}",[],[],1.0497879253117737,1.0062240325867828,1.016596859136223,"{'Medical': 1.0497879253117735, 'Mental Health': 1.000000908835049, 'Abuse': 1.000000432020081, 'Aggression': 1.0000005512238017, 'Sexual': 1.0000001936126681, 'Discrimination': 1.0000003128163746, 'Pregnancy': 1.0000017432618467, 'Not Applicable': 1.0000001936126681}"
"I’m having a MA abortion at 6 weeks this Saturday and I’m terrified Hi all, I recently found out I was pregnant at 21 and I am not ready to have a child by any means. I am in a state that it is legal to have abortions. I…","{'Pregnancy', 'Mental Health'}","{'Pregnancy', 'Mental Health'}",[],[],1.0387750477354103,1.004847333486867,1.0000009684369662,"{'Medical': 1.0387750477354103, 'Mental Health': 1.000000908835049, 'Abuse': 1.0000003128163746, 'Aggression': 1.0000005512238017, 'Sexual': 1.0000003128163746, 'Discrimination': 1.0000001936126681, 'Pregnancy': 1.0000010280388834, 'Not Applicable': 1.0000003128163746}"
MA yesterday. My bleeding was light. And I’m worried I am worried.  I am 6w 3days pregnant took mifepristone 48 hrs ago and started misoprostol 24 hrs after (4 pills vaginally)  I started with mild cramps after 20 mins o…,"{'Pregnancy', 'Medical'}","{'Medical', 'Pregnancy'}",[],[],1.0235185929733048,1.0029404852482071,1.0000012664465665,"{'Medical': 1.0000007896312857, 'Mental Health': 1.0235185929733048, 'Abuse': 1.000000432020081, 'Aggression': 1.0000005512238017, 'Sexual': 1.0000003128163746, 'Discrimination': 1.000000432020081, 'Pregnancy': 1.0000017432618467, 'Not Applicable': 1.0000010280388834}"
Annoyed by language around MC & early pregnancy Does anyone else feel annoyed by some of the language used during early pregnancy? I went into my first pregnancy cautiously because I knew that a miscarriage was a possibi…,"{'Pregnancy', 'Medical', 'Mental Health'}","{'Medical', 'Pregnancy', 'Mental Health'}",[],[],1.0183168445578497,1.002300369560583,1.0061081280082471,"{'Medical': 1.0000065114280086, 'Mental Health': 1.0183168445578497, 'Abuse': 1.0000001936126681, 'Aggression': 1.0000001936126681, 'Sexual': 1.0000001936126681, 'Discrimination': 1.0000030545053316, 'Pregnancy': 1.0000010280388834, 'Not Applicable': 1.0000749371165865}"
"Feeling hopeless Context: I’ve had two miscarriages within 5 months of each other (one at six weeks, one at 10 weeks)   I’m feeling so hopeless. After my last miscarriage, my doctor recommended taking three months to hea…","{'Pregnancy', 'Mental Health'}","{'Pregnancy', 'Mental Health'}",[],[],1.0183160137760248,1.0022899691424356,1.0000011472426469,"{'Medical': 1.0183160137760248, 'Mental Health': 1.000000908835049, 'Abuse': 1.0000001936126681, 'Aggression': 1.000000432020081, 'Sexual': 1.0000001936126681, 'Discrimination': 1.0000003128163746, 'Pregnancy': 1.0000013856502443, 'Not Applicable': 1.0000003128163746}"
"So mad I found out yesterday that my current pregnancy is non viable, just waiting on baby to pass. This is my third miscarriage, and I made it to 9 weeks so I was SURE this one would stick. The other two passed 5-6 week…","{'Pregnancy', 'Mental Health'}","{'Pregnancy', 'Mental Health'}",[],[],1.0183160137760248,1.0023786579291318,1.0000009088350843,"{'Medical': 1.0183160137760248, 'Mental Health': 1.0000007896312857, 'Abuse': 1.0000001936126681, 'Aggression': 1.0000001936126681, 'Sexual': 1.0000003128163746, 'Discrimination': 1.0007102999250679, 'Pregnancy': 1.0000010280388834, 'Not Applicable': 1.000000432020081}"
"this doesnt really constitute harassment, but in my brain it feels like it... girls - how do you react if a guy hits on you?  it happened to me for the first time today. Ive always been overweight and i followed a strict…",{'Not Applicable'},{'Not Applicable'},[],[],1.011110146594264,1.0014044845502577,1.011110146594264,"{'Medical': 1.0000003128163746, 'Mental Health': 1.0, 'Abuse': 1.0000001936126681, 'Aggression': 1.0000001936126681, 'Sexual': 1.0001235697070932, 'Discrimination': 1.0000011472426182, 'Pregnancy': 1.0000003128163746, 'Not Applicable': 1.011110146594264}"
Naturally trying 6months after MC Hi all.. We are 25.5F and 30M and we're open to conceiving.. Aug2024 we conceived and everything was happy till 04/11/2024 when I had my first US scan and they found i had a blighted ovu…,"{'Pregnancy', 'Medical', 'Mental Health'}","{'Medical', 'Pregnancy', 'Mental Health'}",[],[],1.011109667284498,1.0020747249807878,1.003729974602094,"{'Medical': 1.011109667284498, 'Mental Health': 1.000075175545784, 'Abuse': 1.000000432020081, 'Aggression': 1.0000005512238017, 'Sexual': 1.0052479631233253, 'Discrimination': 1.0000003128163746, 'Pregnancy': 1.0000050809760002, 'Not Applicable': 1.0001586168564363}"
"Female here, prefer not putting my age in Years ago I met a boy online, his name was “Mario” I still have his username, he asked me to be his “online gf” I accepted *lets clarify I was 10 at that time* he told me he was …","{'Sexual', 'Mental Health', 'Abuse'}","{'Abuse', 'Sexual', 'Mental Health'}",[],[],1.0086523785952153,1.001097481461306,1.002925897196653,"{'Medical': 1.000000432020081, 'Mental Health': 1.0001238081406083, 'Abuse': 1.0000015048541353, 'Aggression': 1.0000003128163746, 'Sexual': 1.0086523785952153, 'Discrimination': 1.000000432020081, 'Pregnancy': 1.0000001936126681, 'Not Applicable': 1.0000007896312857}"
"is this harassment? advice? i’m (16f) turning 17 pretty soon, and i recently had my first driving lesson. i had this male instructor that was maybe in his 20s or 30s and he drove me to a parking lot where i tried to make…","{'Mental Health', 'Abuse'}","{'Abuse', 'Mental Health'}",[],[],1.008652022569981,1.0010826854663522,1.0000038889376213,"{'Medical': 1.0000001936126681, 'Mental Health': 1.0000066306326245, 'Abuse': 1.0000011472426182, 'Aggression': 1.0000001936126681, 'Sexual': 1.0086520225699813, 'Discrimination': 1.0000003128163746, 'Pregnancy': 1.0000005512238017, 'Not Applicable': 1.000000432020081}"
"should have been due this month i’ve already been feeling super weird this month, i also turned 22 last week and should have been due at the same time. my boyfriend’s family is super catholic and his sister (34) just tol…","{'Pregnancy', 'Mental Health'}","{'Pregnancy', 'Mental Health'}",[],[],1.0052478432884369,1.0006572077574674,1.0000038293353133,"{'Medical': 1.0000001936126681, 'Mental Health': 1.0000065114280086, 'Abuse': 1.0000001936126681, 'Aggression': 1.000000432020081, 'Sexual': 1.0000003128163746, 'Discrimination': 1.0052478432884369, 'Pregnancy': 1.0000011472426182, 'Not Applicable': 1.0000010280388834}"
abortion pill at home or in clinic hey so i scheduled an abortion pill appointment with my local planned parenthood this Thursday afternoon. I planned on taking it Friday afternoon because I have a free day from work all…,"{'Pregnancy', 'Medical', 'Mental Health'}","{'Medical', 'Pregnancy', 'Mental Health'}",[],[],1.0052478432884369,1.0008040088838477,1.0021433433913416,"{'Medical': 1.0052478432884369, 'Mental Health': 1.0011713840883674, 'Abuse': 1.0000003128163746, 'Aggression': 1.0000005512238017, 'Sexual': 1.0000003128163746, 'Discrimination': 1.0000001936126681, 'Pregnancy': 1.0000108027972203, 'Not Applicable': 1.0000006704275366}"
"Is it considered sexual harassment if we point out to our friend that someone likes him/her? I can sense that in circle of friends, pointing out that one friend likes another can change the dynamic of relationship betwee…",{'Not Applicable'},{'Not Applicable'},[],[],1.003183481915832,1.0003982089538086,1.003183481915832,"{'Medical': 1.000000432020081, 'Mental Health': 1.0000001936126681, 'Abuse': 1.0000001936126681, 'Aggression': 1.0000003128163746, 'Sexual': 1.0000001936126681, 'Discrimination': 1.0000003128163746, 'Pregnancy': 1.0000005512238017, 'Not Applicable': 1.003183481915832}"
"Looking for some virtual hugs. I had an abortion a little over five weeks ago… It was an accident, unplanned, and arguably a reckless mistake. Something we just slipped up on.  Because of that, I have so much guilt and s…","{'Pregnancy', 'Medical', 'Mental Health'}","{'Medical', 'Pregnancy', 'Mental Health'}",[],[],1.001930732383591,1.0002421665799428,1.0006446999012826,"{'Medical': 1.001930732383591, 'Mental Health': 1.000000908835049, 'Abuse': 1.0000001936126681, 'Aggression': 1.0000001936126681, 'Sexual': 1.0000003128163746, 'Discrimination': 1.0000023392813167, 'Pregnancy': 1.0000024584852079, 'Not Applicable': 1.0000001936126681}"
"I just need to vent. 31F. Had surgical procedure done with  large ovarian cyst,  and feel traumatized! Im 31 F.  I found out 3 weeks ago that I was pregnant and it was very much a shock. I was on birth control. (The pill…","{'Pregnancy', 'Medical', 'Mental Health'}","{'Medical', 'Pregnancy', 'Mental Health'}",[],[],1.001503727986233,1.00019317181975,1.000013107490738,"{'Medical': 1.000010564387008, 'Mental Health': 1.0000278492501566, 'Abuse': 1.0000003128163746, 'Aggression': 1.0000001936126681, 'Sexual': 1.001503727986233, 'Discrimination': 1.0000003128163746, 'Pregnancy': 1.000000908835049, 'Not Applicable': 1.0000015048541353}"
I've gotten My SA today So I recently posted about having HG and deciding to terminate. Today I got the procedure done. I was so in my head the past two days thinking I was making the wrong decision but after so many con…,"{'Pregnancy', 'Medical'}","{'Medical', 'Pregnancy'}",[],[],1.001503608481102,1.000195332392916,1.0000265380162852,"{'Medical': 1.000035716942245, 'Mental Health': 1.001503608481102, 'Abuse': 1.0000001936126681, 'Aggression': 1.000000432020081, 'Sexual': 1.0000001936126681, 'Discrimination': 1.0000001936126681, 'Pregnancy': 1.0000173590903254, 'Not Applicable': 1.000004961771569}"
"abortion at 7 weeks wondering if the pills worked Hello i was 7 weeks pregnant 22 years old decided not to have, took the abortion pills, 2 hours after taking i went to the bathroom to pee and clog came out with 2 pills,…","{'Pregnancy', 'Medical', 'Mental Health'}","{'Medical', 'Pregnancy', 'Mental Health'}",[],[],1.001171503437304,1.0001503027033154,1.0004002063790791,"{'Medical': 1.0000279684573161, 'Mental Health': 1.0011715034373039, 'Abuse': 1.0000003128163746, 'Aggression': 1.000000432020081, 'Sexual': 1.0000003128163746, 'Discrimination': 1.0000003128163746, 'Pregnancy': 1.0000011472426182, 'Not Applicable': 1.000000432020081}"
"Positive SA story at Planned Parenthood I never thought I would need an abortion, but I became pregnant at 40 y/o. I went to planned parenthood for the surgical procedure. They did an abdominal ultrasound and found I was…","{'Pregnancy', 'Medical'}","{'Medical', 'Pregnancy'}",[],[],1.0011711455070886,1.0002357282197345,1.0000013856502727,"{'Medical': 1.0000011472426182, 'Mental Health': 1.000710419277288, 'Abuse': 1.000000432020081, 'Aggression': 1.0000006704275366, 'Sexual': 1.0000001936126681, 'Discrimination': 1.0000001936126681, 'Pregnancy': 1.000001624057927, 'Not Applicable': 1.0011711455070886}"
First time medicated abortion Hi yall. I’m 22 and from PA and yesterday found out that I’m about 4 weeks pregnant. To say this is a nightmare scenario for me would be an understatement.   After doing some research I lear…,"{'Pregnancy', 'Medical', 'Mental Health'}","{'Medical', 'Pregnancy', 'Mental Health'}",[],[],1.0009121177210758,1.0001145268369978,1.0003048835380317,"{'Medical': 1.0009121177210758, 'Mental Health': 1.0000010280388834, 'Abuse': 1.0000003128163746, 'Aggression': 1.0000003128163746, 'Sexual': 1.0000001936126681, 'Discrimination': 1.0000001936126681, 'Pregnancy': 1.0000015048541353, 'Not Applicable': 1.0000005512238017}"
Could I have passed an abortion without knowing? I am 6 weeks pregnant!! On Tuesday I took my Mifepristone I think it was on the Wednesday night I noticed i started to bleed alot. This morning at 8am I took the 1st dose …,"{'Pregnancy', 'Medical', 'Mental Health'}","{'Medical', 'Pregnancy', 'Mental Health'}",[],[],1.0007106578070235,1.0000893443477004,1.0002376507641058,"{'Medical': 1.000000908835049, 'Mental Health': 1.0007106578070235, 'Abuse': 1.0000003128163746, 'Aggression': 1.000000432020081, 'Sexual': 1.0000003128163746, 'Discrimination': 1.0000003128163746, 'Pregnancy': 1.0000013856502443, 'Not Applicable': 1.000000432020081}"
Rash around vagina after surgical abortion? I had a surgical abortion exactly a week ago and I’ve just noticed when I’ve gone to shave that I have a really bad rash around my vagina and “on the lips” as my boyfriend said…,"{'Pregnancy', 'Medical'}","{'Medical', 'Pregnancy'}",[],[],1.000554020552114,1.0000698689942378,1.000278120314777,"{'Medical': 1.0000022200774399, 'Mental Health': 1.0000001936126681, 'Abuse': 1.000000432020081, 'Aggression': 1.0000005512238017, 'Sexual': 1.0000001936126681, 'Discrimination': 1.000000432020081, 'Pregnancy': 1.000554020552114, 'Not Applicable': 1.000000908835049}"
"Chemical pregnancy questions Hello. I am having a chemical pregnancy.(was 5 weeks when my hcg dropped down to 45, it was 125 a week before) I have a couple of questions. I started bleeding Wednesday with some clots. On T…","{'Pregnancy', 'Medical'}","{'Medical', 'Pregnancy'}",[],[],1.00043100047158,1.000056607367536,1.000009372369148,"{'Medical': 1.0000171206803692, 'Mental Health': 1.00043100047158, 'Abuse': 1.000000432020081, 'Aggression': 1.0000007896312857, 'Sexual': 1.000000432020081, 'Discrimination': 1.000000432020081, 'Pregnancy': 1.000001624057927, 'Not Applicable': 1.0000010280388834}"
"Never ending bleeding This has been one of the most draining experiences so far, I’ve had five losses including this one. After a lot of back and forth it was finally confirmed not to be ectopic. I started bleeding 5/24,…","{'Pregnancy', 'Medical', 'Mental Health'}","{'Medical', 'Pregnancy', 'Mental Health'}",[],[],1.0003359954295277,1.000042705256675,1.000113081181813,"{'Medical': 1.0000013856502443, 'Mental Health': 1.0003359954295277, 'Abuse': 1.000000432020081, 'Aggression': 1.000000432020081, 'Sexual': 1.000000432020081, 'Discrimination': 1.0000001936126681, 'Pregnancy': 1.0000018624656668, 'Not Applicable': 1.000000908835049}"
I’m really worrying about an ectopic as I wait for my third HCG test on Monday… This is my second chemical pregnancy but the bleeding is way more sporadic than before.   I had some pink and brown spotting that got me wor…,"{'Pregnancy', 'Medical', 'Mental Health'}","{'Medical', 'Pregnancy', 'Mental Health'}",[],[],1.0002039187905385,1.0000301443496769,1.0000777576338364,"{'Medical': 1.0000280876644898, 'Mental Health': 1.0002039187905383, 'Abuse': 1.0000003128163746, 'Aggression': 1.0000005512238017, 'Sexual': 1.000000432020081, 'Discrimination': 1.0000003128163746, 'Pregnancy': 1.000001266446481, 'Not Applicable': 1.0000062730192742}"
What was your D&C experience? I have a blighted ovum. The sac is measuring about 7 to 8 weeks. I am 10 weeks according to my LMP.  I’ve had two previous miscarriages one at 4 weeks and one at 5 weeks. The one at 5 weeks …,"{'Pregnancy', 'Medical', 'Mental Health'}","{'Medical', 'Pregnancy', 'Mental Health'}",[],[],1.0002037995569468,1.000041707090908,1.0001105783447526,"{'Medical': 1.0001236889311205, 'Mental Health': 1.0002037995569468, 'Abuse': 1.0000003128163746, 'Aggression': 1.0000005512238017, 'Sexual': 1.000000432020081, 'Discrimination': 1.0000001936126681, 'Pregnancy': 1.00000424654619, 'Not Applicable': 1.000000432020081}"
"WI, planned parenthood-  SA experience hello!   wanted to share my SA (surgical abortion) experience. im a 26F, live in southern Wisconsin. I have had 5 pregnancies, 2 ended in miscarriages, 2 beautiful children, and the…","{'Pregnancy', 'Medical', 'Mental Health'}","{'Medical', 'Pregnancy', 'Mental Health'}",[],[],1.0001587360846416,1.000025738881042,1.0000128691489032,"{'Medical': 1.0000011472426182, 'Mental Health': 1.000035716942245, 'Abuse': 1.0000001936126681, 'Aggression': 1.0, 'Sexual': 1.0000001936126681, 'Discrimination': 1.0001587360846416, 'Pregnancy': 1.0000017432618467, 'Not Applicable': 1.00000818029165}"
"Is this sexual abuse?  I once went to the beach with my friends and got both drunk and high. I started to try to hug and kiss a guy multiple times and he would push me away, but I would start laughing and would try to to…",{'Abuse'},{'Abuse'},[],[],1.000096514828972,1.0000154224923243,1.000096514828972,"{'Medical': 1.000000432020081, 'Mental Health': 1.0000215313001366, 'Abuse': 1.000096514828972, 'Aggression': 1.0000030545053316, 'Sexual': 1.0000006704275366, 'Discrimination': 1.000000432020081, 'Pregnancy': 1.000000432020081, 'Not Applicable': 1.0000003128163746}"
"Was I (17M now) sexual harassed when I was 12? So when I was 12 years of age, I went on a trip with my father and younger sister to my great uncles house to celebrate Christmas with my dads family.   This thrip I also me…","{'Mental Health', 'Abuse'}","{'Abuse', 'Mental Health'}",[],[],1.000096514828972,1.0000140069301433,1.0000487714339277,"{'Medical': 1.0000003128163746, 'Mental Health': 1.000096514828972, 'Abuse': 1.0000010280388834, 'Aggression': 1.0000001936126681, 'Sexual': 1.0000131868988307, 'Discrimination': 1.0000003128163746, 'Pregnancy': 1.0000001936126681, 'Not Applicable': 1.0000003128163746}"
"When does the bleeding stop? I am/was six weeks pregnant, and this morning I woke up, everything was fine, then around lunch I noticed spotting and it started to get heavier and heavier throughout the day. I bled through…","{'Pregnancy', 'Medical', 'Mental Health'}","{'Medical', 'Pregnancy', 'Mental Health'}",[],[],1.000096395615461,1.0000128297824853,1.0000336119235274,"{'Medical': 1.000096395615461, 'Mental Health': 1.000002816097194, 'Abuse': 1.0000003128163746, 'Aggression': 1.0000005512238017, 'Sexual': 1.0000001936126681, 'Discrimination': 1.000000432020081, 'Pregnancy': 1.000001624057927, 'Not Applicable': 1.0000003128163746}"
Can someone be honest with me about their experience with having a 3rd child instead of going through with an abortion I’m pregnant with my 3rd child and I’m heavily considering getting a SA but scared of the regrets I m…,"{'Pregnancy', 'Mental Health'}","{'Pregnancy', 'Mental Health'}",[],[],1.0000754139677617,1.0000102573774727,1.000038817022601,"{'Medical': 1.0000030545053316, 'Mental Health': 1.0000754139677617, 'Abuse': 1.0000001936126681, 'Aggression': 1.0000003128163746, 'Sexual': 1.0, 'Discrimination': 1.0000001936126681, 'Pregnancy': 1.0000022200774399, 'Not Applicable': 1.0000006704275366}"
"Will 10 weeks and 6 days of pregnancy work for taking MA? I tried my first attempt using the WOW pills, the dose are complete but I mis-thought the packaging of combi-pack which is I thought that the 1 kit is only all mi…","{'Pregnancy', 'Medical'}","{'Medical', 'Pregnancy'}",[],[],1.0000752947567657,1.0000171658018115,1.0000382806016233,"{'Medical': 1.0000752947567657, 'Mental Health': 1.0000011472426182, 'Abuse': 1.0000001936126681, 'Aggression': 1.000000432020081, 'Sexual': 1.0000003128163746, 'Discrimination': 1.0000003128163746, 'Pregnancy': 1.000001266446481, 'Not Applicable': 1.0000583667031286}"
"Is this sexual harassment? TW: childhood abuse This is a very complicated situation. I am a girl of 18 years old, and about a month ago my sister (16) told my mum that my dad sexually abused her for many years. Social wo…","{'Mental Health', 'Abuse'}","{'Abuse', 'Mental Health'}",[],[],1.0000752947567657,1.000009735859713,1.0000382806016233,"{'Medical': 1.0000003128163746, 'Mental Health': 1.0000752947567657, 'Abuse': 1.000001266446481, 'Aggression': 1.0000001936126681, 'Sexual': 1.0000003128163746, 'Discrimination': 1.0, 'Pregnancy': 1.0000001936126681, 'Not Applicable': 1.0000003128163746}"
"I got an abortion last week and I don’t feel like my body belongs to me anymore Hi, I m a 21 years old girl from France, and I got an abortion last week (I m sorry if my english isn’t good). I wanted to, I was not forced…","{'Pregnancy', 'Mental Health'}","{'Pregnancy', 'Mental Health'}",[],[],1.000046088083497,1.0000061893289611,1.0000241540804684,"{'Medical': 1.0000001936126681, 'Mental Health': 1.0000022200774399, 'Abuse': 1.0000001936126681, 'Aggression': 1.0000003128163746, 'Sexual': 1.0, 'Discrimination': 1.0000003128163746, 'Pregnancy': 1.000046088083497, 'Not Applicable': 1.0000001936126681}"
"No gestational sac found after surgical abortion Hi guys, I am 6.3 weeks and had my SA today. When I woke up they informed me that they removed the tissue but could not see the gestational sac. I need to follow up with a…","{'Pregnancy', 'Medical', 'Mental Health'}","{'Medical', 'Pregnancy', 'Mental Health'}",[],[],1.0000458496685103,1.0000066903453049,1.0000172003564776,"{'Medical': 1.0000044849544412, 'Mental Health': 1.0000458496685105, 'Abuse': 1.0000003128163746, 'Aggression': 1.0000005512238017, 'Sexual': 1.0000003128163746, 'Discrimination': 1.0000003128163746, 'Pregnancy': 1.000001266446481, 'Not Applicable': 1.000000432020081}"
Is it sexual abuse for my father to touch my bum/thighs and to lick my ears as a joke? Tw: sexual abuse (?)  My dad started doing this since I became a bit older (I'm still a minor) and it kinda makes me uncomfortable. I…,"{'Mental Health', 'Abuse'}","{'Abuse', 'Mental Health'}",[],[],1.0000457304574004,1.0000060347229125,1.0000233196462247,"{'Medical': 1.0000001936126681, 'Mental Health': 1.0000457304574004, 'Abuse': 1.000000908835049, 'Aggression': 1.0000001936126681, 'Sexual': 1.0000001936126681, 'Discrimination': 1.0000003128163746, 'Pregnancy': 1.0000005512238017, 'Not Applicable': 1.0000001936126681}"
"Something nearly happened to me last night and I can't stop thinking about it m21 A little bit of backstory, I'm a 21 year old straight male about 6'1 and fairly slim. I've been hit on a fair amount before by gay men and…","{'Aggression', 'Mental Health', 'Abuse'}","{'Abuse', 'Aggression', 'Mental Health'}",[],[],1.000035836148523,1.000005697563723,1.000012630742097,"{'Medical': 1.0000001936126681, 'Mental Health': 1.000001266446481, 'Abuse': 1.0000007896312857, 'Aggression': 1.000035836148523, 'Sexual': 1.0000062730192742, 'Discrimination': 1.0, 'Pregnancy': 1.0000001936126681, 'Not Applicable': 1.0000010280388834}"
Miscarriage I just got home from my appointment of finding out i lost my baby. What do i do now i feel like i have no purpose or will anymore,"{'Pregnancy', 'Mental Health'}","{'Pregnancy', 'Mental Health'}",[],[],1.0000280876644898,1.0000038591747162,1.0000143790460132,"{'Medical': 1.0000001936126681, 'Mental Health': 1.0000006704275366, 'Abuse': 1.000000432020081, 'Aggression': 1.0000006704275366, 'Sexual': 1.0000003128163746, 'Discrimination': 1.0000003128163746, 'Pregnancy': 1.0000280876644898, 'Not Applicable': 1.0000001936126681}"
"Miscarriage 5w5d? Need advice Hi everyone,  I’m hoping to hear from anyone who’s been through something similar. This has been such an emotional rollercoaster, and I feel like I’m stuck in limbo.  I recently found out I …","{'Pregnancy', 'Medical', 'Mental Health'}","{'Medical', 'Pregnancy', 'Mental Health'}",[],[],1.0000278492501566,1.0000052300229938,1.0000131869599276,"{'Medical': 1.000010564387008, 'Mental Health': 1.0000278492501566, 'Abuse': 1.000000432020081, 'Aggression': 1.0000005512238017, 'Sexual': 1.0000003128163746, 'Discrimination': 1.0000003128163746, 'Pregnancy': 1.0000011472426182, 'Not Applicable': 1.0000006704275366}"
"TW miscarriage Hello, I found out I was pregnant around may, my HCG was super low and according to last period date I was 8 weeks pregnant by our first appointment.  June 2nd was our first appointment, they said I was me…","{'Pregnancy', 'Medical', 'Mental Health'}","{'Medical', 'Pregnancy', 'Mental Health'}",[],[],1.0000133061042422,1.00000357603527,1.0000089749988603,"{'Medical': 1.000010564387008, 'Mental Health': 1.0000133061042422, 'Abuse': 1.0000003128163746, 'Aggression': 1.000000432020081, 'Sexual': 1.0000003128163746, 'Discrimination': 1.0000003128163746, 'Pregnancy': 1.0000030545053316, 'Not Applicable': 1.0000003128163746}"
Afraid MA didn’t work I’m really anxious and hoping someone can help me feel less alone or share their outcome if they had something similar.  I was 5 weeks 2 days when I started the medical abortion process.  Timeline &…,"{'Pregnancy', 'Medical', 'Mental Health'}","{'Medical', 'Pregnancy', 'Mental Health'}",[],[],1.000010922002348,1.0000020114763744,1.0000044054958803,"{'Medical': 1.000000908835049, 'Mental Health': 1.0000013856502443, 'Abuse': 1.0000001936126681, 'Aggression': 1.0000005512238017, 'Sexual': 1.0000001936126681, 'Discrimination': 1.000000432020081, 'Pregnancy': 1.0000109220023479, 'Not Applicable': 1.0000015048541353}"
"Feeling lonely Hello all! Sorry if this doesn’t make a ton of sense or feels ramble-y.  I’ve recently suffered a miscarriage and have good days and bad days. Physically, I’ve recovered. Emotionally things are still hard …","{'Pregnancy', 'Mental Health'}","{'Pregnancy', 'Mental Health'}",[],[],1.000009014724743,1.0000021008780653,1.0000050809836805,"{'Medical': 1.0000001936126681, 'Mental Health': 1.0000011472426182, 'Abuse': 1.0000003128163746, 'Aggression': 1.0000005512238017, 'Sexual': 1.0000003128163746, 'Discrimination': 1.000004961771569, 'Pregnancy': 1.0000090147247427, 'Not Applicable': 1.0000003128163746}"
"cramps went away after 1 hour into medical abortion I got my pills from WoW and 20 hours later after taking their mife, I bled a little on my underwear. Now I took their miso an hour earlier and my cramps were the worst …","{'Medical', 'Pregnancy'}","{'Medical', 'Pregnancy'}",[],[],1.0000085379052277,1.0000018624695444,1.0000062730216115,"{'Medical': 1.0000040081379955, 'Mental Health': 1.0000001936126681, 'Abuse': 1.0000006704275366, 'Aggression': 1.0000005512238017, 'Sexual': 1.0000003128163746, 'Discrimination': 1.000000432020081, 'Pregnancy': 1.0000085379052277, 'Not Applicable': 1.0000001936126681}"
Is it bad that I still think about my sexual harassment experience? I have been lurking on this sub for a bit but I have not posted yet so please be gentle. I was sexually harassed for a while by a classmate of mine when…,"{'Mental Health', 'Abuse'}","{'Abuse', 'Mental Health'}",[],[],1.000008299496465,1.0000016445612787,1.0000054981948625,"{'Medical': 1.0000003128163746, 'Mental Health': 1.000008299496465, 'Abuse': 1.0000026968932603, 'Aggression': 1.0, 'Sexual': 1.0000007896312857, 'Discrimination': 1.0000001936126681, 'Pregnancy': 1.0000005512238017, 'Not Applicable': 1.0000003128163746}"
"Pressure/soreness a month after complete miscarriage, worried I miscarried both the foetus and the placenta on 6+5 weeks a month ago (May 30th). I went to ultrasound almost two weeks ago and everything looked good, was a…","{'Pregnancy', 'Medical', 'Mental Health'}","{'Medical', 'Pregnancy', 'Mental Health'}",[],[],1.000006869041444,1.0000024286877929,1.0000057564672982,"{'Medical': 1.0000053193844503, 'Mental Health': 1.0000050809760002, 'Abuse': 1.000000432020081, 'Aggression': 1.000000432020081, 'Sexual': 1.0000003128163746, 'Discrimination': 1.0000003128163746, 'Pregnancy': 1.000006869041444, 'Not Applicable': 1.0000006704275366}"
"Possible blighted ovum I don't know when I ovulated, I was tracking it but it never peaked (was using digital tests and my ovulation day changed or I literally got pregnant ON ovulation day) and I believe the pregnancy s…","{'Pregnancy', 'Medical', 'Mental Health'}","{'Medical', 'Pregnancy', 'Mental Health'}",[],[],1.0000067498367995,1.0000018922695633,1.0000044849569754,"{'Medical': 1.0000067498367997, 'Mental Health': 1.0000052001799908, 'Abuse': 1.0000003128163746, 'Aggression': 1.000000432020081, 'Sexual': 1.0000003128163746, 'Discrimination': 1.0000003128163746, 'Pregnancy': 1.0000015048541353, 'Not Applicable': 1.0000003128163746}"
"MMC, D&C, then Chemical Pregnancy? I found out in March - when I was supposed to be 11 weeks pregnant - that it was fetal demise and development stopped around 8 weeks.  I thought I miscarried naturally by the amount of …","{'Pregnancy', 'Medical', 'Mental Health'}","{'Medical', 'Pregnancy', 'Mental Health'}",[],[],1.0000053193844505,1.0000013409501791,1.0000029750373782,"{'Medical': 1.0000053193844503, 'Mental Health': 1.0000022200774399, 'Abuse': 1.0000003128163746, 'Aggression': 1.0000005512238017, 'Sexual': 1.0000003128163746, 'Discrimination': 1.0000003128163746, 'Pregnancy': 1.0000013856502443, 'Not Applicable': 1.0000003128163746}"
"My MA Experience at 9 Weeks 5 Days Hi guys! I’ve been a spectator for some time, just reading through your experiences. However, I’m now in a place where I feel comfortable and at peace enough to share my story as well. …","{'Pregnancy', 'Medical', 'Mental Health'}","{'Medical', 'Pregnancy', 'Mental Health'}",[],[],1.0000052001799908,1.000001327947433,1.0000024187525858,"{'Medical': 1.0000052001799908, 'Mental Health': 1.000001266446481, 'Abuse': 1.0, 'Aggression': 1.0, 'Sexual': 1.0, 'Discrimination': 1.0000003128163746, 'Pregnancy': 1.0000007896312857, 'Not Applicable': 1.0000030545053316}"
Advice for a first miscarriage I just had my first miscarriage at 8 weeks. I was bleeding a week ago that stopped. I prepared myself for the worst for my first scan and there was no heart beat. She hadn't grown. I am dev…,"{'Pregnancy', 'Mental Health'}","{'Pregnancy', 'Mental Health'}",[],[],1.0000034121173036,1.0000008045322462,1.0000021008742943,"{'Medical': 1.0000001936126681, 'Mental Health': 1.0000007896312857, 'Abuse': 1.0000003128163746, 'Aggression': 1.0000005512238017, 'Sexual': 1.000000432020081, 'Discrimination': 1.0000003128163746, 'Pregnancy': 1.0000034121173036, 'Not Applicable': 1.000000432020081}"
Did my teacher sexually harrass me? Yesterday me and my friend went to his class to chat with him and his students. (I should definitely mention that this teacher is famous for joking inappropriately with female students…,"{'Mental Health', 'Abuse'}","{'Abuse', 'Mental Health'}",[],[],1.0000032929132987,1.00000110254196,1.000002160476091,"{'Medical': 1.0000003128163746, 'Mental Health': 1.0000032929132987, 'Abuse': 1.0000010280388834, 'Aggression': 1.0000001936126681, 'Sexual': 1.0000030545053316, 'Discrimination': 1.0000001936126681, 'Pregnancy': 1.0000003128163746, 'Not Applicable': 1.000000432020081}"
"Second miscarriage and left with questions I’ve had my second miscarriage this year. I had an ultrasound and bloodwork, didn’t see anyone in my uterus and I was on a downward trend for hcg. But my most recent bloodwork s…","{'Pregnancy', 'Medical', 'Mental Health'}","{'Medical', 'Pregnancy', 'Mental Health'}",[],[],1.000002816097194,1.0000009386363469,1.000001862465913,"{'Medical': 1.000002816097194, 'Mental Health': 1.000001624057927, 'Abuse': 1.0000003128163746, 'Aggression': 1.0000006704275366, 'Sexual': 1.0000003128163746, 'Discrimination': 1.0000003128163746, 'Pregnancy': 1.0000011472426182, 'Not Applicable': 1.0000003128163746}"
Someone said congratulations Someone congratulated me and I asked for what? And they said they heard from my friend that I was pregnant.  Guess my friend forgot to let them know I miscarried. I had to be the one to say i…,"{'Pregnancy', 'Mental Health'}","{'Pregnancy', 'Mental Health'}",[],[],1.000002100873577,1.0000007747310729,1.000001862465752,"{'Medical': 1.0000011472426182, 'Mental Health': 1.000002100873577, 'Abuse': 1.0000001936126681, 'Aggression': 1.0000001936126681, 'Sexual': 1.0000003128163746, 'Discrimination': 1.0000001936126681, 'Pregnancy': 1.000001624057927, 'Not Applicable': 1.000000432020081}"
Abortion this past Monday/tuesday So had my first pill Monday and the four Tuesday. I’ve passed huge clots and bled yesterday and today. I was 6 weeks and 3 days I go on vacation Friday. Can I swim if I’m barely bleeding…,"{'Pregnancy', 'Medical'}","{'Medical', 'Pregnancy'}",[],[],1.0000019816695012,1.000000730029555,1.0000015048541924,"{'Medical': 1.0000010280388834, 'Mental Health': 1.000000908835049, 'Abuse': 1.0000003128163746, 'Aggression': 1.0000005512238017, 'Sexual': 1.0000001936126681, 'Discrimination': 1.000000432020081, 'Pregnancy': 1.0000019816695012, 'Not Applicable': 1.000000432020081}"
Having trouble getting over sexual harassment that happened when I was 15 When I (22F) was 15 I was sexually harassed by a 22 yo who I still have some contact with through a mutual organisation (a brass band). We sat nex…,"{'Mental Health', 'Abuse'}","{'Abuse', 'Mental Health'}",[],[],1.0000010280388834,1.0000004022191988,1.0000009088350843,"{'Medical': 1.0000001936126681, 'Mental Health': 1.0000007896312857, 'Abuse': 1.0000010280388834, 'Aggression': 1.0000001936126681, 'Sexual': 1.0000001936126681, 'Discrimination': 1.0000001936126681, 'Pregnancy': 1.000000432020081, 'Not Applicable': 1.0000001936126681}"
